Datetime;Breaks;VANNE_UTA_CHAUD [I];VANNE_UTA_FROID [I];TEMPERATURE_SONDE [R];PRESSION_EXTERIEUR [R];HYGROMETRIE_CELLULE [R];TEMPERATURE_REPRISE [R];TEMPERATURE_CONSIGNE [R];TEMPERATURE_SOUFFLAGE [R];TEMPERATURE_ALLER_CHAUD [R];TEMPERATURE_ALLER_FROID [R];MA_VARIATEUR [B]
2024-04-12 23:00:08;;0;40;-9,8000002;1055;74;-9,3999996;-10;-9,8999996;43;-12;0
2024-04-12 23:05:08;;0;28;-10;1055;74;-9,6000004;-10;-10,2;42,5;-12,4;0
2024-04-12 23:10:08;;0;51;-9,8000002;1055;74;-9,1999998;-10;-9,8000002;43,5;-11,6;0
2024-04-12 23:15:08;;0;22;-9,6000004;1055;74;-9,1000004;-9,4;-9,6000004;43;-12,3;0
2024-04-12 23:20:08;;0;28;-8,8999996;1055;74;-8,5;-8,9;-8,6999998;42,799999;-12,1;0
2024-04-12 23:25:08;;0;22;-8,5;1055;74;-8,1000004;-8,4;-8,3000002;42,5;-11,6;0
2024-04-12 23:30:08;;1;16;-8,1000004;1055;74;-7,6999998;-7,9;-7,9000001;43,299999;-12;0
2024-04-12 23:35:08;;1;16;-7,5;1055;73;-7,0999999;-7,3;-7,0999999;43,099998;-12,3;0
2024-04-12 23:40:08;;5;5;-7,1999998;1055;73;-6,8000002;-6,8;-6,8000002;42,700001;-11,9;0
2024-04-12 23:45:09;;7;0;-6,6999998;1055;71;-6,4000001;-6,3;-6,3000002;43;-12,5;0
2024-04-12 23:50:09;;7;0;-6,3000002;1055;70;-5,9000001;-5,8;-5,6999998;43,099998;-11,9;0
2024-04-12 23:55:09;;9;0;-5,9000001;1055;70;-5,5;-5,3;-5;42,700001;-12,1;0
2024-05-12 00:00:09;;9;0;-5,3000002;1055;69;-4,9000001;-4,7;-4,4000001;43,099998;-12,2;0
2024-05-12 00:05:09;;7;0;-4,6999998;1055;69;-4,3000002;-4,2;-3,5999999;43;-11,8;0
2024-05-12 00:10:09;;9;0;-4,3000002;1055;68;-3,9000001;-3,7;-3,0999999;42,799999;-12,4;0
2024-05-12 00:15:09;;9;0;-3,8;1055;67;-3,4000001;-3,2;-2,5999999;43,200001;-12,1;0
2024-05-12 00:20:09;;7;0;-3,2;1055;67;-2,8;-2,7;-1,9;42,700001;-12,3;0
2024-05-12 00:25:09;;11;0;-2,7;1055;66;-2,4000001;-2,1;-1,4;42,5;-11,7;0
2024-05-12 00:30:09;;15;0;-2,4000001;1055;66;-2,0999999;-1,6;-1,1;43,200001;-12;0
2024-05-12 00:35:09;;15;0;-1,8;1055;66;-1,6;-1,1;-0,5;42,900002;-11,8;0
2024-05-12 00:40:09;;17;0;-1,3;1055;65;-1,2;-0,6;-0,1;42,700001;-12,4;0
2024-05-12 00:45:09;;19;0;-0,89999998;1055;64;-0,80000001;-0,1;0,1;43,200001;-12,1;0
2024-05-12 00:50:10;;17;0;-0,30000001;1055;63;-0,2;0,4;0,89999998;42,599998;-12;0
2024-05-12 00:55:10;;15;0;0,40000001;1055;62;0,40000001;0,9;1,7;42,700001;-11,7;0
2024-05-12 01:00:10;;17;0;0,80000001;1055;61;0,80000001;1,4;2,2;42,900002;-12;0
2024-05-12 01:05:10;;13;0;1,5;1055;60;1,5;1,9;3;42,700001;-12,3;0
2024-05-12 01:10:10;;11;0;2,0999999;1055;59;2,2;2,5;3,8;42,400002;-11,7;0
2024-05-12 01:15:10;;9;0;2,7;1055;59;2,8;3;4,3000002;42,599998;-12;0
2024-05-12 01:20:10;;7;2;3,2;1055;58;3,4000001;3,5;5,1999998;42,5;-11,5;0
2024-05-12 01:25:10;;9;0;3,7;1055;58;3,8;4;5,5999999;43,099998;-12,1;0
2024-05-12 01:30:10;;5;3;4,3000002;1055;58;4,5;4,5;6,4000001;42,5;-11,4;0
2024-05-12 01:35:10;;3;4;4,9000001;1055;57;5,1999998;5,1;7,0999999;42,599998;-12;0
2024-05-12 01:40:10;;1;6;5,5;1055;57;5,8000002;5,6;7,8000002;42,400002;-11,6;0
2024-05-12 01:45:10;;1;6;5,9000001;1055;57;6,3000002;6,1;8,3000002;42,5;-11,7;0
2024-05-12 01:50:11;;1;6;6,5;1055;57;6,8000002;6,6;8,8999996;42,799999;-12,1;0
2024-05-12 01:55:11;;1;6;7;1055;56;7,3000002;7,1;9,3000002;42,299999;-11,6;0
2024-05-12 02:00:11;;3;4;7,5;1055;57;7,8000002;7,7;9,8999996;42,299999;-12;0
2024-05-12 02:05:11;;1;6;8;1055;56;8,3999996;8,2;10,5;42,900002;-11,9;0
2024-05-12 02:10:11;;3;4;8,3999996;1055;56;8,8000002;8,7;10,9;42,700001;-11,7;0
2024-05-12 02:15:11;;1;6;8,8000002;1055;56;9,3999996;9,2;11,3;42,5;-12,2;0
2024-05-12 02:20:11;;5;3;9,5;1055;57;9,6999998;9,7;11,3;43,099998;-11,9;0
2024-05-12 02:25:11;;1;6;10;1055;58;10,5;10,3;12,5;42,799999;-11,6;0
2024-05-12 02:30:11;;0;7;10,6;1055;56;11,1;10,8;13,1;43;-11,4;0
2024-05-12 02:35:11;;3;4;11;1055;57;11,4;11,3;13,4;43,200001;-11,9;0
2024-05-12 02:40:12;;1;6;11,6;1055;56;12;11,8;13,9;43;-11,6;0
2024-05-12 02:45:12;;3;4;12;1055;56;12,4;12,3;14,4;43,299999;-12,3;0
2024-05-12 02:50:12;;5;3;12,5;1055;56;12,9;12,9;14,8;43;-11,4;0
2024-05-12 02:55:12;;11;0;13,1;1055;57;13,1;13,4;14,3;43,299999;-12,2;0
2024-05-12 03:00:12;;29;0;12,8;1055;57;12,7;13,9;14,3;42,799999;-11,5;0
2024-05-12 03:05:12;;13;0;13,8;1055;56;14;14,4;16,1;42,900002;-11,8;0
2024-05-12 03:10:12;;11;0;14,1;1055;56;14,7;15;16,6;43;-11,7;0
2024-05-12 03:15:12;;25;0;13,8;1055;56;14;15;15,9;43,400002;-12,3;0
2024-05-12 03:20:12;;35;0;13,5;1055;54;13,5;15;15,4;42,900002;-11,6;0
2024-05-12 03:25:12;;43;0;13,3;1055;52;13,1;15;15;43,5;-11,9;0
2024-05-12 03:30:12;;53;0;13,1;1055;50;12,6;15;14,6;43,099998;-12;0
2024-05-12 03:35:12;;41;0;13,7;1055;48;13,2;15;15,4;43,099998;-11,9;0
2024-05-12 03:40:12;;21;0;14,5;1055;51;14,2;15;16,4;42,900002;-12;0
2024-05-12 03:45:13;;5;3;14,9;1055;53;15;15;17;42,700001;-10,7;0
2024-05-12 03:50:13;;9;0;14,6;1055;54;14,8;15;16,700001;43,400002;-10,9;0
2024-05-12 03:55:13;;19;0;14,2;1055;53;14,3;15;16,1;42,900002;-11;0
2024-05-12 04:00:13;;31;0;13,7;1055;51;13,7;15;15,6;42,799999;-11,4;0
2024-05-12 04:05:13;;43;0;13,3;1055;50;13,1;15;14,9;43,5;-11,9;0
2024-05-12 04:10:13;;49;0;13,3;1055;48;12,8;15;14,7;43;-11,4;0
2024-05-12 04:15:13;;47;0;13,4;1055;47;12,9;15;14,9;43,200001;-12,2;0
2024-05-12 04:20:13;;39;0;13,9;1055;46;13,3;15;15,4;42,900002;-11,7;0
2024-05-12 04:25:13;;25;0;14,5;1055;47;14;15;16,299999;42,599998;-11,8;0
2024-05-12 04:30:13;;7;2;14,9;1055;50;14,9;15;16,9;43,400002;-11,8;0
2024-05-12 04:35:13;;3;4;15;1055;52;15,1;15;17;42,799999;-11,4;0
2024-05-12 04:40:13;;9;0;14,7;1055;52;14,8;15;16,700001;43,099998;-11,8;0
2024-05-12 04:45:13;;17;0;14,3;1055;52;14,4;15;16,299999;43,400002;-12;0
2024-05-12 04:50:14;;27;0;13,9;1055;51;13,9;15;15,8;42,900002;-11,5;0
2024-05-12 04:55:14;;35;0;13,6;1055;49;13,5;15;15,4;43,299999;-12,2;0
2024-05-12 05:00:14;;41;0;13,4;1055;48;13,2;15;15;43,299999;-11,8;0
2024-05-12 05:05:14;;47;0;13,4;1055;47;12,9;15;14,9;43,200001;-11,9;0
2024-05-12 05:10:14;;45;0;13,6;1055;46;13;15;15,1;43,099998;-12,1;0
2024-05-12 05:15:14;;37;0;14,1;1055;45;13,4;15;15,6;42,700001;-11,6;0
2024-05-12 05:20:14;;29;0;14,4;1055;46;13,8;15;16,1;43,200001;-12,1;0
2024-05-12 05:25:14;;11;0;15;1055;49;14,7;15;16,9;42,700001;-11,7;0
2024-05-12 05:30:14;;0;7;15,2;1055;51;15,3;15;17,200001;42,900002;-12;0
2024-05-12 05:35:14;;5;3;14,9;1055;52;15;15;16,9;42,900002;-11,8;0
2024-05-12 05:40:14;;11;0;14,6;1055;50;14,7;15;16,5;43,200001;-11,2;0
2024-05-12 05:45:14;;19;0;14,3;1055;50;14,3;15;16,200001;43,400002;-12;0
2024-05-12 05:50:14;;23;0;14,1;1055;50;14,1;15;16;43,299999;-11,6;0
2024-05-12 05:55:15;;29;0;13,9;1055;50;13,8;15;15,7;43;-12,2;0
2024-05-12 06:00:15;;35;0;13,7;1055;48;13,5;15;15,4;43,200001;-10,7;0
2024-05-12 06:05:15;;39;0;13,6;1055;48;13,3;15;15,1;43,5;-11,8;0
2024-05-12 06:10:15;;41;0;13,6;1055;47;13,2;15;15,1;43,200001;-11,8;0
2024-05-12 06:15:15;;51;0;13,3;1055;45;12,7;15;14,6;42,599998;-10,8;0
2024-05-12 06:20:15;;39;0;14;1055;45;13,3;15;15,5;43,5;-11,5;0
2024-05-12 06:25:15;;35;0;14,1;1055;45;13,5;15;15,8;43;-10,9;0
2024-05-12 06:30:15;;35;0;14,3;1055;45;13,7;15;16;42,5;-10,3;0
2024-05-12 06:35:15;;21;0;14,8;1055;46;14,2;15;16,299999;43,5;-11,8;0
2024-05-12 06:40:15;;7;2;15,1;1055;49;14,9;15;17,1;43;-10,9;0
2024-05-12 06:45:15;;5;3;15,1;1055;49;15;15;17,1;42,400002;-10,1;0
2024-05-12 06:50:16;;3;4;15,2;1055;50;15,1;15;17,1;43,400002;-11,6;0
2024-05-12 06:55:16;;1;6;15,1;1055;50;15,2;15;17,1;42,900002;-10,8;0
2024-05-12 07:00:16;;3;4;15;1055;50;15,1;15;16,9;42,400002;-10,2;0
2024-05-12 07:05:16;;3;4;15;1055;50;15,1;15;17;43,299999;-11,4;0
2024-05-12 07:10:16;;13;0;14,5;1055;49;14,6;15;16,5;42,900002;-10,8;0
2024-05-12 07:15:16;;25;0;14;1055;49;14;15;16;43,5;-11,7;0
2024-05-12 07:20:16;;29;0;14;1055;48;13,8;15;15,8;43,400002;-11,9;0
2024-05-12 07:25:16;;33;0;13,8;1055;47;13,6;15;15,5;43,400002;-11;0
2024-05-12 07:30:16;;45;0;13,3;1055;46;13;15;15;43,700001;-11,9;0
2024-05-12 07:35:16;;43;0;13,6;1055;45;13,1;15;15,1;43;-11,6;0
2024-05-12 07:40:16;;43;0;13,7;1055;45;13,1;15;15,1;43,299999;-12;0
2024-05-12 07:45:16;;47;0;13,5;1055;44;12,9;15;14,9;43;-11,4;0
2024-05-12 07:50:16;;43;0;13,8;1055;43;13,1;15;15,3;43,400002;-12,2;0
2024-05-12 07:55:17;;27;0;14,6;1055;44;13,9;15;16,299999;43;-11,6;0
2024-05-12 08:00:17;;21;0;14,7;1055;45;14,2;15;16,5;43,5;-11,4;0
2024-05-12 08:05:17;;15;0;15;1055;45;14,5;15;16,700001;42,900002;-12;0
2024-05-12 08:10:17;;11;0;15;1055;46;14,7;15;16,9;43,299999;-11,4;0
2024-05-12 08:15:17;;5;3;15,2;1055;47;15;15;17,1;43,099998;-11,4;0
2024-05-12 08:20:17;;3;4;15,2;1055;48;15,1;15;17,1;42,599998;-10,8;0
2024-05-12 08:25:17;;5;3;15;1055;49;15;15;16,799999;43;-11;0
2024-05-12 08:30:17;;15;0;14,5;1055;48;14,5;15;16,5;43,400002;-11,5;0
2024-05-12 08:35:17;;25;0;14;1055;48;14;15;16;42,900002;-10,6;0
2024-05-12 08:40:17;;31;0;13,9;1055;47;13,7;15;15,5;43,400002;-11;0
2024-05-12 08:45:17;;41;0;13,5;1055;46;13,2;15;15,2;43,400002;-11,1;0
2024-05-12 08:50:17;;39;0;13,7;1055;46;13,3;15;15,1;42,799999;-10,3;0
2024-05-12 08:55:18;;41;0;13,7;1055;45;13,2;15;15,1;43,200001;-11;0
2024-05-12 09:00:18;;51;0;13,3;1055;43;12,7;15;14,7;43,599998;-11,4;0
2024-05-12 09:05:18;;47;0;13,5;1055;43;12,9;15;15;42,900002;-10,8;0
2024-05-12 09:10:18;;37;0;14,1;1055;43;13,4;15;15,6;42,900002;-11;0
2024-05-12 09:15:18;;21;0;14,8;1055;44;14,2;15;16,299999;43,299999;-11,2;0
2024-05-12 09:20:18;;7;2;15,1;1055;47;14,9;15;17;42,700001;-10,8;0
2024-05-12 09:25:18;;1;6;15,3;1055;48;15,2;15;17,1;42,799999;-10,3;0
2024-05-12 09:30:18;;5;3;14,9;1055;48;15;15;16,9;43,5;-11,8;0
2024-05-12 09:35:18;;15;0;14,4;1055;47;14,5;15;16,4;43,200001;-11,4;0
2024-05-12 09:40:18;;29;0;13,8;1055;46;13,8;15;15,8;43;-10,7;0
2024-05-12 09:45:18;;39;0;13,4;1055;45;13,3;15;15,1;44;-10,8;0
2024-05-12 09:50:18;;47;0;13,3;1055;44;12,9;15;14,8;43,400002;-10,8;0
2024-05-12 09:55:19;;49;0;13,5;1055;43;12,8;15;14,8;42,799999;-10,7;0
2024-05-12 10:00:19;;39;0;14;1055;43;13,3;15;15,5;43,299999;-11,6;0
2024-05-12 10:05:19;;35;0;14,1;1055;43;13,5;15;15,7;42,799999;-10,8;0
2024-05-12 10:10:19;;33;0;14,3;1055;42;13,6;15;15,9;43,799999;-11,9;0
2024-05-12 10:15:19;;15;0;14,9;1055;44;14,5;15;16,799999;43,200001;-11,6;0
2024-05-12 10:20:19;;11;0;15,1;1055;45;14,7;15;17;43,900002;-11,4;0
2024-05-12 10:25:19;;5;3;15,2;1055;46;15;15;17,1;43,299999;-11,3;0
2024-05-12 10:30:19;;1;6;15,1;1055;47;15,2;15;17,1;44,200001;-11,7;0
2024-05-12 10:35:19;;7;2;14,8;1055;47;14,9;15;16,799999;43,5;-11,7;0
2024-05-12 10:40:19;;19;0;14,3;1055;46;14,3;15;16,299999;44;-11,3;0
2024-05-12 10:45:19;;21;0;14,2;1055;46;14,2;15;16;43,5;-11,5;0
2024-05-12 10:50:19;;31;0;13,7;1055;45;13,7;15;15,6;43,799999;-12,1;0
2024-05-12 10:55:20;;39;0;13,4;1055;45;13,3;15;15,2;44;-11,8;0
2024-05-12 11:00:20;;47;0;13,3;1055;44;12,9;15;14,8;43,400002;-11,7;0
2024-05-12 11:05:20;;49;0;13,3;1055;43;12,8;15;14,7;42,799999;-10,9;0
2024-05-12 11:10:20;;41;0;13,9;1055;43;13,2;15;15,4;43;-11,5;0
2024-05-12 11:15:20;;39;0;14;1055;43;13,3;15;15,5;43,5;-11,8;0
2024-05-12 11:20:20;;37;0;14,1;1055;42;13,4;15;15,6;43,5;-11,4;0
2024-05-12 11:25:20;;21;0;14,7;1055;44;14,2;15;16,5;43,299999;-11,6;0
2024-05-12 11:30:20;;15;0;15;1055;45;14,5;15;16,799999;43,799999;-11,8;0
2024-05-12 11:35:20;;3;4;15,2;1055;47;15,1;15;17,200001;43,200001;-11,7;0
2024-05-12 11:40:20;;1;6;15,2;1055;46;15,2;15;17,200001;44,200001;-11,3;0
2024-05-12 11:45:20;;1;6;15,2;1055;47;15,2;15;17,1;43,599998;-11,7;0
2024-05-12 11:50:20;;11;0;14,7;1055;47;14,7;15;16,700001;43,400002;-12;0
2024-05-12 11:55:21;;21;0;14,1;1055;47;14,2;15;16,200001;43,900002;-11,6;0
2024-05-12 12:00:21;;33;0;13,7;1055;45;13,6;15;15,5;43,299999;-11,5;0
2024-05-12 12:05:21;;33;0;13,8;1055;45;13,6;15;15,4;43;-10,8;0
2024-05-12 12:10:21;;45;0;13,3;1055;44;13;15;14,8;44,200001;-10,8;0
2024-05-12 12:15:21;;49;0;13,3;1055;44;12,8;15;14,7;43,5;-11;0
2024-05-12 12:20:21;;47;0;13,5;1055;42;12,9;15;15;43,400002;-11,7;0
2024-05-12 12:25:21;;37;0;14,1;1055;42;13,4;15;15,6;43,900002;-11,1;0
2024-05-12 12:30:21;;21;0;14,8;1055;44;14,2;15;16,5;43,299999;-11,8;0
2024-05-12 12:35:21;;7;2;15,2;1055;46;14,9;15;17,1;44;-11,7;0
2024-05-12 12:40:21;;3;4;15,3;1055;47;15,1;15;17,200001;43,5;-11,4;0
2024-05-12 12:45:21;;3;4;15;1055;47;15,1;15;16,9;43,5;-11,5;0
2024-05-12 12:50:21;;15;0;14,4;1055;47;14,5;15;16,4;43,700001;-11,8;0
2024-05-12 12:55:21;;25;0;14;1055;46;14;15;15,9;43,400002;-11,5;0
2024-05-12 13:00:22;;27;0;14;1055;45;13,9;15;15,7;44,200001;-11,1;0
2024-05-12 13:05:22;;37;0;13,5;1055;45;13,4;15;15,2;43,599998;-11,9;0
2024-05-12 13:10:22;;45;0;13,3;1055;44;13;15;14,8;43,700001;-11,7;0
2024-05-12 13:15:22;;41;0;13,7;1055;44;13,2;15;15,1;44;-11,3;0
2024-05-12 13:20:22;;49;0;13,3;1055;43;12,8;15;14,7;43,400002;-11,7;0
2024-05-12 13:25:22;;41;0;13,9;1055;43;13,2;15;15,3;43,299999;-11,1;0
2024-05-12 13:30:22;;27;0;14,5;1055;43;13,9;15;16,200001;43,900002;-12;0
2024-05-12 13:35:22;;9;0;15,1;1055;45;14,8;15;17;43,299999;-11,5;0
2024-05-12 13:40:22;;0;7;15,3;1055;47;15,3;15;17,200001;44;-11,1;0
2024-05-12 13:45:22;;9;0;14,7;1055;47;14,8;15;16,700001;43,799999;-11,5;0
2024-05-12 13:50:22;;19;0;14,3;1055;47;14,3;15;16,200001;43,200001;-11,9;0
2024-05-12 13:55:23;;21;0;14,3;1055;47;14,2;15;16;44;-11,5;0
2024-05-12 14:00:23;;33;0;13,7;1055;46;13,6;15;15,5;43,5;-11,4;0
2024-05-12 14:05:23;;43;0;13,3;1055;45;13,1;15;14,9;43;-11,7;0
2024-05-12 14:10:23;;49;0;13,3;1055;43;12,8;15;14,6;43,099998;-11,6;0
2024-05-12 14:15:23;;41;0;13,8;1055;44;13,2;15;15,3;44,099998;-10,9;0
2024-05-12 14:20:23;;45;0;13,7;1055;42;13;15;15,1;43,5;-12;0
2024-05-12 14:25:23;;27;0;14,6;1055;43;13,9;15;16,1;43;-11,4;0
2024-05-12 14:30:23;;3;4;15,3;1055;46;15,1;15;17,1;43,799999;-11,7;0
2024-05-12 14:35:23;;1;6;15,1;1055;47;15,2;15;17,1;43,599998;-10,8;0
2024-05-12 14:40:23;;9;0;14,7;1055;47;14,8;15;16,6;44,099998;-11,7;0
2024-05-12 14:45:23;;17;0;14,3;1055;46;14,4;15;16,299999;44;-11,6;0
2024-05-12 14:50:23;;27;0;13,9;1055;47;13,9;15;15,7;43,400002;-11,4;0
2024-05-12 14:55:23;;41;0;13,4;1055;46;13,2;15;15;43,599998;-11,2;0
2024-05-12 15:00:24;;39;0;13,7;1055;45;13,3;15;15,1;43,200001;-11,1;0
2024-05-12 15:05:24;;49;0;13,3;1055;43;12,8;15;14,6;44,099998;-12;0
2024-05-12 15:10:24;;39;0;13,9;1055;43;13,3;15;15,4;43,400002;-11,5;0
2024-05-12 15:15:24;;45;0;13,7;1055;42;13;15;15,1;43,700001;-11,1;0
2024-05-12 15:20:24;;31;0;14,3;1055;42;13,7;15;15,9;43,599998;-11,6;0
2024-05-12 15:25:24;;9;0;15,2;1055;45;14,8;14,4;16,9;43;-11,5;0
2024-05-12 15:30:24;;3;4;14,3;1055;48;14,5;13,9;16,200001;43,099998;-10,9;0
2024-05-12 15:35:24;;15;0;13,2;1055;47;13,4;13,4;15,2;43;-10,9;0
2024-05-12 15:40:24;;21;0;12,4;1055;47;12,6;12,9;14,3;44;-11,6;0
2024-05-12 15:45:24;;21;0;12;1055;46;12,1;12,3;13,8;43,5;-10,6;0
2024-05-12 15:50:24;;13;0;11,7;1055;47;11,9;11,8;13,4;44;-11,6;0
2024-05-12 15:55:24;;19;0;10,8;1055;46;11,1;11,3;12,6;43,5;-10,6;0
2024-05-12 16:00:25;;17;0;10,5;1055;47;10,7;10,8;12,2;43,400002;-11;0
2024-05-12 16:05:25;;1;6;10,2;1055;47;10,5;10,3;11,8;44,299999;-9,6999998;0
2024-05-12 16:10:25;;15;0;9,5;1055;47;9,8000002;9,7;11;43,700001;-10,8;0
2024-05-12 16:15:25;;13;0;9;1055;47;9,3000002;9,2;10,5;43,900002;-11,3;0
2024-05-12 16:20:25;;13;0;8,5;1055;47;8,8000002;8,7;10;43,799999;-11;0
2024-05-12 16:25:25;;9;0;8,1999998;1055;48;8,5;8,2;9,6000004;43,200001;-9,8999996;0
2024-05-12 16:30:25;;7;2;7,6999998;1055;49;8,1000004;7,7;9;44,099998;-10,7;0
2024-05-12 16:35:25;;0;8;6,9000001;1055;48;7,3000002;7,1;8,3000002;43,5;-10,6;0
2024-05-12 16:40:25;;13;0;6,4000001;1055;48;6,6999998;6,6;7,5999999;44;-11,7;0
2024-05-12 16:45:25;;0;7;6,0999999;1055;49;6,4000001;6,1;7,1999998;43,400002;-11,2;0
2024-05-12 16:50:25;;0;7;5,5999999;1055;50;5,9000001;5,6;6,8000002;43,900002;-11,5;0
2024-05-12 16:55:25;;0;8;5,0999999;1055;49;5,5;5,1;6,3000002;43,900002;-11,8;0
2024-05-12 17:00:26;;0;10;4,5999999;1055;50;5;4,5;5,5999999;43,400002;-11,7;0
2024-05-12 17:05:26;;0;7;4;1055;50;4,3000002;4;4,9000001;43,799999;-11;0
2024-05-12 17:10:26;;0;11;3,8;1055;52;4,0999999;3,5;4,5999999;43,5;-12;0
2024-05-12 17:15:26;;0;11;3,3;1055;53;3,5999999;3;4,0999999;43,099998;-11,6;0
2024-05-12 17:20:26;;0;10;2,9000001;1055;53;3;2,5;3,5999999;43,900002;-11,1;0
2024-05-12 17:25:26;;0;11;2,3;1055;52;2,5;1,9;3,0999999;43,400002;-11,8;0
2024-05-12 17:30:26;;0;10;1,7;1055;53;1,9;1,4;2,5;43;-11,7;0
2024-05-12 17:35:26;;0;8;1;1055;53;1,3;0,9;1,8;43,900002;-11,1;0
2024-05-12 17:40:26;;0;8;0,60000002;1055;53;0,80000001;0,4;1,3;43,400002;-11,8;0
2024-05-12 17:45:26;;0;10;0,1;1055;54;0,40000001;-0,1;0,89999998;43,299999;-11,8;0
2024-05-12 17:50:26;;0;40;-0,2;1055;54;0;-0,6;0,1;43,700001;-10,7;0
2024-05-12 17:55:26;;0;28;-1;1055;55;-0,69999999;-1,1;-0,69999999;43,299999;-11,9;0
2024-05-12 18:00:27;;0;22;-1,6;1055;54;-1,3;-1,6;-1,3;43;-11,2;0
2024-05-12 18:05:27;;0;51;-1,8;1055;56;-1,3;-2,1;-1,3;43,700001;-12;0
2024-05-12 18:10:27;;0;57;-2,0999999;1055;57;-1,8;-2,7;-1,9;43,400002;-11,8;0
2024-05-12 18:15:27;;0;57;-2,7;1055;58;-2,3;-3,2;-2,4000001;43,799999;-11,2;0
2024-05-12 18:20:27;;0;57;-3,2;1055;58;-2,8;-3,7;-2,9000001;43,700001;-11,5;0
2024-05-12 18:25:27;;0;69;-3,5999999;1055;59;-3,0999999;-4,2;-3,3;43,400002;-11,6;0
2024-05-12 18:30:27;;0;63;-4,1999998;1055;59;-3,7;-4,7;-3,9000001;43,099998;-11,8;0
2024-05-12 18:35:27;;0;69;-4,8000002;1055;59;-4,1999998;-5,3;-4,4000001;43,900002;-11,2;0
2024-05-12 18:40:27;;0;45;-5,5999999;1055;60;-5,0999999;-5,8;-5,4000001;43,599998;-11,9;0
2024-05-12 18:45:27;;0;45;-6;1055;61;-5,5999999;-6,3;-6,1999998;43,200001;-12,2;0
2024-05-12 18:50:27;;0;69;-6,0999999;1055;62;-5,6999998;-6,8;-6,1999998;43,099998;-11,6;0
2024-05-12 18:55:27;;0;45;-7;1055;62;-6,5999999;-7,3;-7,3000002;43,799999;-11,3;0
2024-05-12 19:00:27;;0;57;-7,3000002;1055;63;-7;-7,9;-7,6999998;43,700001;-12,2;0
2024-05-12 19:05:28;;0;69;-7,6999998;1055;65;-7,3000002;-8,4;-8,1999998;43,5;-11,9;0
2024-05-12 19:10:28;;0;69;-8,1999998;1055;65;-7,8000002;-8,9;-8,6000004;43,400002;-11,9;0
2024-05-12 19:15:28;;0;92;-8,3000002;1055;67;-7,9000001;-9,4;-8,6000004;43,200001;-12,1;0
2024-05-12 19:20:28;;0;100;-8,8000002;1055;67;-8,1999998;-10;-8,8999996;43,099998;-11,6;0
2024-05-12 19:25:28;;0;98;-8,8999996;1055;68;-8,3999996;-10;-9,1000004;43,599998;-11,9;0
2024-05-12 19:30:28;;0;100;-8,8000002;1055;69;-8,3000002;-10;-9;43,700001;-11,5;0
2024-05-12 19:35:28;;0;80;-9,1999998;1055;68;-8,6999998;-10;-9,3000002;43,5;-11,9;0
2024-05-12 19:40:28;;0;80;-9,1999998;1055;69;-8,6999998;-10;-9,3000002;43,299999;-12,1;0
2024-05-12 19:45:28;;0;63;-9,5;1055;69;-9;-10;-9,6000004;43,200001;-11,6;0
2024-05-12 19:50:28;;0;69;-9,3999996;1055;70;-8,8999996;-10;-9,5;43;-12,3;0
2024-05-12 19:55:28;;0;69;-9,5;1055;70;-8,8999996;-10;-9,5;43,900002;-11,7;0
2024-05-12 20:00:28;;0;51;-9,6999998;1055;71;-9,1999998;-10;-9,8000002;43,799999;-11,7;0
2024-05-12 20:05:28;;0;57;-9,6000004;1055;71;-9,1000004;-10;-9,6999998;43,599998;-12,2;0
2024-05-12 20:10:29;;0;45;-9,8000002;1055;72;-9,3000002;-10;-9,8999996;43,400002;-11,6;0
2024-05-12 20:15:29;;0;51;-9,6999998;1055;72;-9,1999998;-10;-9,6999998;43,299999;-12;0
2024-05-12 20:20:29;;0;40;-10;1055;72;-9,3999996;-10;-10;43,099998;-11,7;0
2024-05-12 20:25:29;;0;45;-9,8999996;1055;72;-9,3000002;-10;-9,8000002;43,099998;-11,8;0
2024-05-12 20:30:29;;0;34;-10;1055;73;-9,5;-10;-10;43,700001;-11,2;0
2024-05-12 20:35:29;;0;40;-9,8999996;1055;73;-9,3999996;-10;-9,8999996;43,400002;-12,2;0
2024-05-12 20:40:29;;0;34;-10;1055;73;-9,5;-10;-10,1;43,299999;-11,5;0
2024-05-12 20:45:29;;0;28;-10,1;1055;74;-9,6000004;-10;-10,1;43,099998;-12,3;0
2024-05-12 20:50:29;;0;28;-10,1;1055;73;-9,6000004;-10;-10,1;43;-11,6;0
2024-05-12 20:55:29;;0;28;-10,1;1055;74;-9,6000004;-10;-10,1;43,700001;-11,4;0
2024-05-12 21:00:29;;0;40;-10;1055;74;-9,3999996;-10;-9,8999996;43,5;-11,8;0
2024-05-12 21:05:29;;0;22;-10,2;1055;75;-9,6999998;-10;-10,2;43,299999;-11,8;0
2024-05-12 21:10:29;;0;34;-10,1;1055;75;-9,5;-10;-10,1;43,200001;-11,6;0
2024-05-12 21:15:30;;0;22;-10,2;1055;75;-9,6999998;-10;-10,2;43;-11,3;0
2024-05-12 21:20:30;;0;34;-10;1055;75;-9,5;-10;-10;43,700001;-11,9;0
2024-05-12 21:25:30;;0;22;-10,2;1055;76;-9,6999998;-10;-10,2;43,700001;-11,5;0
2024-05-12 21:30:30;;0;22;-10,2;1055;76;-9,6999998;-10;-10,2;43,099998;-11,7;0
2024-05-12 21:35:30;;0;34;-10,1;1055;76;-9,5;-10;-10;43,900002;-11,1;0
2024-05-12 21:40:30;;0;28;-10,1;1055;76;-9,6000004;-10;-10,1;43,599998;-12;0
2024-05-12 21:45:30;;0;28;-10,1;1055;76;-9,6000004;-10;-10,2;43,5;-11,4;0
2024-05-12 21:50:30;;0;28;-10,1;1055;77;-9,6000004;-10;-10,1;43,299999;-12;0
2024-05-12 21:55:30;;0;28;-10,1;1055;76;-9,6000004;-10;-10,1;43,200001;-11,5;0
2024-05-12 22:00:30;;0;22;-10,2;1055;76;-9,6999998;-10;-10,3;43,5;-11,4;0
2024-05-12 22:05:30;;0;45;-9,8000002;1055;78;-9,3000002;-10;-9,8999996;43,400002;-11,4;0
2024-05-12 22:10:31;;0;22;-10,2;1055;77;-9,6999998;-10;-10,2;43,200001;-11,9;0
2024-05-12 22:15:31;;0;34;-10;1055;77;-9,5;-10;-10,1;43;-12;0
2024-05-12 22:20:31;;0;28;-10,1;1055;76;-9,6000004;-10;-10,2;43,900002;-11,1;0
2024-05-12 22:25:31;;0;22;-10,2;1055;77;-9,6999998;-10;-10,3;43,700001;-11,7;0
2024-05-12 22:30:31;;0;40;-9,8000002;1055;77;-9,3999996;-10;-9,8999996;43,400002;-12,3;0
2024-05-12 22:35:31;;0;22;-10,2;1055;77;-9,6999998;-10;-10,3;43,400002;-11,5;0
2024-05-12 22:40:31;;0;22;-10,2;1055;77;-9,6999998;-10;-10,3;43,099998;-12,3;0
2024-05-12 22:45:31;;0;45;-9,8000002;1055;77;-9,3000002;-10;-9,8999996;43;-11,3;0
2024-05-12 22:50:31;;0;40;-9,8999996;1055;77;-9,3999996;-10;-10;43,599998;-11,5;0
2024-05-12 22:55:31;;0;22;-10,2;1055;76;-9,6999998;-10;-10,3;43,299999;-11,5;0
2024-05-12 23:00:31;;0;28;-10;1055;77;-9,6000004;-10;-10,2;43,099998;-12,2;0
2024-05-12 23:05:31;;0;28;-10,1;1055;76;-9,6000004;-10;-10,2;43,799999;-11,3;0
2024-05-12 23:10:31;;0;22;-10,2;1055;76;-9,6999998;-10;-10,3;43,700001;-11,6;0
2024-05-12 23:15:32;;0;40;-9,8999996;1055;77;-9,3999996;-10;-10;43,400002;-12,3;0
2024-05-12 23:20:32;;11;0;-10,2;1055;77;-9,6999998;-9,4;-10,4;43,299999;-11,4;0
2024-05-12 23:25:32;;5;5;-9,3000002;1055;78;-8,8999996;-8,9;-9,3000002;43;-11,4;0
2024-05-12 23:30:32;;3;10;-8,8000002;1055;77;-8,3000002;-8,4;-8,6999998;43,5;-11,7;0
2024-05-12 23:35:32;;11;0;-8,6999998;1055;76;-8,1999998;-7,9;-8,5;43,299999;-11,7;0
2024-05-12 23:40:32;;15;0;-8,1999998;1055;76;-7,8000002;-7,3;-8;43,099998;-11,9;0
2024-05-12 23:45:32;;13;0;-7,5999999;1055;76;-7,1999998;-6,8;-7,3000002;43,700001;-11,7;0
2024-05-12 23:50:32;;17;0;-7,3000002;1055;76;-6,9000001;-6,3;-6,9000001;43,400002;-11,4;0
2024-05-12 23:55:32;;17;0;-6,9000001;1055;75;-6,4000001;-5,8;-6,4000001;43,099998;-12;0
2025-08-01 11:00:07;;7;2;19,700001;1055;67;19,9;20;22,200001;42,900002;-5;0
2025-08-01 11:05:07;;21;0;19,1;1055;64;19,200001;20;21,6;43,599998;-4,8000002;0
2025-08-01 11:10:08;;41;0;18,299999;1055;59;18,200001;20;20,6;43,200001;-5,3000002;0
2025-08-01 11:15:08;;43;0;18,700001;1055;55;18,1;20;20,6;43,099998;-5,6999998;0
2025-08-01 11:20:08;;5;3;19,9;1055;65;20;20;22,4;43,200001;-5;0
2025-08-01 11:25:08;;21;0;19,200001;1055;63;19,200001;20;21,6;42,799999;-5,0999999;0
2025-08-01 11:30:08;;43;0;18,4;1055;59;18,1;20;20,5;43,900002;-5,5;0
2025-08-01 11:35:08;;41;0;18,700001;1055;55;18,200001;20;20,700001;43;-5,5999999;0
2025-08-01 11:40:08;;5;3;20;1055;65;20;20;22,299999;42,599998;-5;0
2025-08-01 11:45:09;;15;0;19,6;1055;64;19,5;20;22;43,5;-4,8000002;0
2025-08-01 11:50:09;;35;0;18,700001;1055;60;18,5;20;21,1;43,099998;-5,4000001;0
2025-08-01 11:55:09;;47;0;18,5;1055;55;17,9;20;20,299999;43,400002;-5,5999999;0
2025-08-01 12:00:09;;17;0;19,9;1055;60;19,4;20;22;43,099998;-5,0999999;0
2025-08-01 12:05:09;;13;0;19,700001;1055;64;19,6;20;22;42,700001;-5,0999999;0
2025-08-01 12:10:09;;25;0;19,200001;1055;61;19;20;21,4;43,5;-5,3000002;0
2025-08-01 12:15:09;;43;0;18,5;1055;57;18,1;20;20,4;43;-5,5999999;0
2025-08-01 12:20:10;;35;0;19,200001;1055;56;18,5;20;21;43,299999;-5,3000002;0
2025-08-01 12:25:10;;5;3;20,1;1055;64;20;20;22,4;43,200001;-4,9000001;0
2025-08-01 12:30:10;;23;0;19,200001;1055;62;19,1;20;21,5;42,799999;-5,4000001;0
2025-08-01 12:35:10;;43;0;18,5;1055;58;18,1;20;20,5;43,799999;-4,6999998;0
2025-08-01 12:40:10;;41;0;18,9;1055;54;18,200001;20;20,700001;43,099998;-5,6999998;0
2025-08-01 12:45:10;;5;3;20,200001;1055;64;20;20;22,4;42,599998;-4,9000001;0
2025-08-01 12:50:10;;17;0;19,299999;1055;62;19,4;20;21,6;43,599998;-5,0999999;0
2025-08-01 12:55:11;;37;0;18,6;1055;59;18,4;20;20,700001;43,200001;-5,5;0
2025-08-01 13:00:11;;45;0;18,6;1055;55;18;20;20,299999;43,400002;-4,8000002;0
2025-08-01 13:05:11;;15;0;19,9;1055;58;19,5;20;21,9;43,200001;-5,5;0
2025-08-01 13:10:11;;11;0;19,700001;1055;63;19,700001;20;21,9;42,799999;-4,9000001;0
2025-08-01 13:15:11;;31;0;18,799999;1055;60;18,700001;20;21,1;43,700001;-4,9000001;0
2025-08-01 13:20:11;;45;0;18,4;1055;56;18;20;20,200001;43,200001;-5,5;0
2025-08-01 13:25:12;;31;0;19,299999;1055;56;18,700001;20;21,1;43;-5,6999998;0
2025-08-01 13:30:12;;5;3;20;1055;64;20;20;22,200001;43,299999;-4,9000001;0
2025-08-01 13:35:12;;23;0;19,1;1055;61;19,1;20;21,4;43;-5,0999999;0
2025-08-01 13:40:12;;43;0;18,5;1055;57;18,1;20;20,4;43,799999;-5,4000001;0
2025-08-01 13:45:12;;39;0;18,9;1055;54;18,299999;20;20,6;43,099998;-5,6999998;0
2025-08-01 13:50:12;;5;3;20,1;1055;64;20;20;22,299999;42,700001;-5;0
2025-08-01 13:55:13;;19;0;19,4;1055;63;19,299999;20;21,799999;43,5;-4,8000002;0
2025-08-01 14:00:13;;35;0;18,700001;1055;58;18,5;20;20,700001;43,200001;-5,5;0
2025-08-01 14:05:13;;45;0;18,6;1055;54;18;20;20,299999;43,5;-4,8000002;0
2025-08-01 14:10:13;;21;0;19,9;1055;59;19,5;20;22;43,200001;-5,4000001;0
2025-08-01 14:15:13;;9;0;19,700001;1055;63;19,700001;20;21,9;42,799999;-4,8000002;0
2025-08-01 14:20:13;;29;0;18,9;1055;60;18,700001;20;21,1;43,700001;-4,8000002;0
2025-08-01 14:25:13;;43;0;18,5;1055;55;18;20;20,200001;43,200001;-5,5;0
2025-08-01 14:30:14;;33;0;19,200001;1055;55;18,6;20;21;43,099998;-5,6999998;0
2025-08-01 14:35:14;;5;3;20,200001;1055;64;20;20;22,299999;43,299999;-4,9000001;0
2025-08-01 14:40:14;;21;0;19,299999;1055;62;19,200001;20;21,5;43;-5,0999999;0
2025-08-01 14:45:14;;41;0;18,6;1055;57;18,200001;20;20,4;43,900002;-5,4000001;0
2025-08-01 14:50:14;;41;0;18,799999;1055;54;18,200001;20;20,6;43,200001;-5,6999998;0
2025-08-01 14:55:14;;9;0;20,200001;1055;63;19,799999;20;22,299999;42,799999;-4,8000002;0
2025-08-01 15:00:15;;15;0;19,6;1055;63;19,5;20;21,799999;43,700001;-4,9000001;0
2025-08-01 15:05:15;;33;0;18,799999;1055;59;18,6;20;20,9;43,299999;-5,4000001;0
2025-08-01 15:10:15;;45;0;18,6;1055;55;18;20;20,299999;43,299999;-5,1999998;0
2025-08-01 15:15:15;;25;0;19,6;1055;57;19;20;21,5;43,299999;-4,8000002;0
2025-08-01 15:20:15;;7;2;20;1055;64;19,9;20;22,1;42,900002;-5,0999999;0
2025-08-01 15:25:15;;27;0;19,1;1055;61;18,9;20;21,299999;43,599998;-5,3000002;0
2025-08-01 15:30:16;;43;0;18,6;1055;57;18,1;20;20,4;43,099998;-5,4000001;0
2025-08-01 15:35:16;;37;0;19,1;1055;55;18,4;20;20,799999;43,299999;-4,9000001;0
2025-08-01 15:40:16;;5;3;20,299999;1055;63;20;20;22,4;43,200001;-5,0999999;0
2025-08-01 15:45:16;;21;0;19,5;1055;62;19,200001;20;21,6;42,900002;-4,5999999;0
2025-08-01 15:50:16;;41;0;18,6;1055;57;18,200001;20;20,5;43,900002;-4,6999998;0
2025-08-01 15:55:16;;43;0;18,9;1055;53;18,1;20;20,5;43,200001;-5,5;0
2025-08-01 16:00:17;;5;3;20;1055;64;20;20;22,200001;42,799999;-5,0999999;0
2025-08-01 16:05:17;;25;0;19,200001;1055;61;19;20;21,4;43,599998;-4,3000002;0
2025-08-01 16:10:17;;41;0;18,700001;1055;57;18,200001;20;20,5;43,200001;-5,3000002;0
2025-08-01 16:15:17;;37;0;19,200001;1055;54;18,4;20;20,799999;43,299999;-5,5;0
2025-08-01 16:20:17;;5;3;20,299999;1055;64;20;20;22,4;43,299999;-4,8000002;0
2025-08-01 16:25:17;;19;0;19,5;1055;62;19,299999;20;21,6;42,900002;-4,9000001;0
2025-08-01 16:30:17;;39;0;18,700001;1055;58;18,299999;20;20,6;43,799999;-4,9000001;0
2025-08-01 16:35:18;;47;0;18,6;1055;53;17,9;20;20,200001;43,200001;-5,5;0
2025-08-01 16:40:18;;5;3;20,200001;1055;64;20;20;22,200001;43;-4,9000001;0
2025-08-01 16:45:18;;19;0;19,4;1055;62;19,299999;20;21,6;43,5;-4,4000001;0
2025-08-01 16:50:18;;37;0;18,700001;1055;57;18,4;20;20,6;43,099998;-5,3000002;0
2025-08-01 16:55:18;;41;0;18,9;1055;54;18,200001;20;20,5;43,299999;-5,5;0
2025-08-01 17:00:18;;7;2;20,200001;1055;62;19,9;20;22,299999;43,299999;-4,9000001;0
2025-08-01 17:05:18;;21;0;19,299999;1055;62;19,200001;20;21,6;43;-4,8000002;0
2025-08-01 17:10:19;;39;0;18,6;1055;58;18,299999;20;20,5;43,700001;-4,9000001;0
2025-08-01 17:15:19;;41;0;18,9;1055;54;18,200001;20;20,6;43,099998;-5,5999999;0
2025-08-01 17:20:19;;5;3;20,299999;1055;64;20;20;22,299999;43;-5;0
2025-08-01 17:25:19;;17;0;19,6;1055;63;19,4;20;21,799999;43,5;-4,3000002;0
2025-08-01 17:30:19;;43;0;18,4;1055;57;18,1;20;20,4;43,099998;-5,1999998;0
2025-08-01 17:35:19;;35;0;19,200001;1055;55;18,5;20;20,799999;43,400002;-5,4000001;0
2025-08-01 17:40:20;;7;2;20,200001;1055;62;19,9;20;22,299999;43,299999;-4,8000002;0
2025-08-01 17:45:20;;19;0;19,5;1055;62;19,299999;20;21,700001;42,900002;-4,9000001;0
2025-08-01 17:50:20;;37;0;18,799999;1055;59;18,4;20;20,700001;43,799999;-5,0999999;0
2025-08-01 17:55:20;;49;0;18,5;1055;53;17,799999;20;20,1;43,200001;-5,5;0
2025-08-01 18:00:20;;5;3;20,200001;1055;64;20;20;22,200001;42,700001;-4,6999998;0
2025-08-01 18:05:20;;17;0;19,5;1055;63;19,4;20;21,700001;43,5;-4,5;0
2025-08-01 18:10:20;;35;0;18,799999;1055;59;18,5;20;20,700001;43,099998;-5,3000002;0
2025-08-01 18:15:20;;43;0;18,6;1055;55;18,1;20;20,299999;43,400002;-5,3000002;0
2025-08-01 18:20:21;;25;0;19,6;1055;57;19;20;21,4;43,200001;-5;0
2025-08-01 18:25:21;;7;2;20;1055;63;19,9;20;22,1;42,799999;-4,9000001;0
2025-08-01 18:30:21;;25;0;19,200001;1055;62;19;20;21,299999;43,599998;-5,3000002;0
2025-08-01 18:35:21;;41;0;18,6;1055;57;18,200001;20;20,299999;43,099998;-5;0
2025-08-01 18:40:21;;35;0;19,1;1055;54;18,5;20;20,700001;43,299999;-4,8000002;0
2025-08-01 18:45:21;;3;4;20,200001;1055;64;20,1;20;22,299999;43,200001;-5;0
2025-08-01 18:50:22;;25;0;19,1;1055;61;19;20;21,299999;42,900002;-4,9000001;0
2025-08-01 18:55:22;;43;0;18,6;1055;56;18,1;20;20,200001;43,900002;-4,5;0
2025-08-01 19:00:22;;33;0;19,200001;1055;54;18,6;20;20,9;43,299999;-5,5;0
2025-08-01 19:05:22;;9;0;19,9;1055;63;19,799999;20;22;42,900002;-4,8000002;0
2025-08-01 19:10:22;;29;0;19,1;1055;60;18,799999;20;21,200001;43,700001;-4,3000002;0
2025-08-01 19:15:22;;43;0;18,700001;1055;56;18,1;20;20,299999;43,200001;-5,4000001;0
2025-08-01 19:20:22;;33;0;19,4;1055;55;18,6;20;21,1;43;-5,1999998;0
2025-08-01 19:25:23;;3;4;20,299999;1055;64;20,1;20;22,4;43,299999;-4,5;0
2025-08-01 19:30:23;;27;0;19;1055;61;18,9;20;21,299999;43;-5,0999999;0
2025-08-01 19:35:23;;43;0;18,700001;1055;57;18,1;20;20,299999;43,900002;-5,4000001;0
2025-08-01 19:40:23;;39;0;19;1055;54;18,299999;20;20,700001;43,099998;-5,4000001;0
2025-08-01 19:45:23;;3;4;20,299999;1055;65;20,1;20;22,299999;42,700001;-4,6999998;0
2025-08-01 19:50:23;;25;0;19,200001;1055;61;19;20;21,4;43,599998;-4,5;0
2025-08-01 19:55:23;;41;0;18,700001;1055;57;18,200001;20;20,4;43,200001;-5,3000002;0
2025-08-01 20:00:24;;37;0;19,1;1055;54;18,4;20;20,799999;43,299999;-5,5;0
2025-08-01 20:05:24;;3;4;20,299999;1055;63;20,1;20;22,4;43,299999;-4,6999998;0
2025-08-01 20:10:24;;25;0;19,1;1055;62;19;20;21,4;43;-4,9000001;0
2025-08-01 20:15:24;;43;0;18,6;1055;56;18,1;20;20,299999;43,799999;-4,9000001;0
2025-08-01 20:20:24;;35;0;19,200001;1055;54;18,5;20;20,9;43,099998;-5,5;0
2025-08-01 20:25:24;;5;3;20,299999;1055;64;20;20;22,200001;42,900002;-4,8000002;0
2025-08-01 20:30:24;;21;0;19,5;1055;63;19,200001;20;21,6;43,599998;-4,3000002;0
2025-08-01 20:35:25;;37;0;18,799999;1055;58;18,4;20;20,6;43,200001;-5,3000002;0
2025-08-01 20:40:25;;43;0;18,799999;1055;54;18,1;20;20,4;43,200001;-5,3000002;0
2025-08-01 20:45:25;;11;0;20,200001;1055;61;19,700001;20;22,1;43,299999;-4,8000002;0
2025-08-01 20:50:25;;11;0;19,799999;1055;64;19,700001;20;21,9;42,900002;-4,9000001;0
2025-08-01 20:55:25;;31;0;18,9;1055;60;18,700001;20;20,9;43,900002;-5,1999998;0
2025-08-01 21:00:25;;49;0;18,4;1055;54;17,799999;20;20;43,299999;-5,3000002;0
2025-08-01 21:05:25;;11;0;20,1;1055;61;19,700001;20;22;42,799999;-4,8000002;0
2025-08-01 21:10:26;;13;0;19,799999;1055;63;19,6;20;21,9;43,400002;-4,4000001;0
2025-08-01 21:15:26;;31;0;19;1055;61;18,700001;20;21;43,099998;-5,3000002;0
2025-08-01 21:20:26;;43;0;18,6;1055;55;18,1;20;20,200001;43,5;-5,1999998;0
2025-08-01 21:25:26;;29;0;19,5;1055;55;18,799999;20;21,200001;43,099998;-4,9000001;0
2025-08-01 21:30:26;;11;0;19,799999;1055;63;19,700001;20;21,9;42,700001;-4,8000002;0
2025-08-01 21:35:26;;29;0;19;1055;60;18,799999;20;21;43,599998;-4,9000001;0
2025-08-01 21:40:26;;43;0;18,700001;1055;55;18,1;20;20,299999;43,099998;-5,4000001;0
2025-08-01 21:45:26;;29;0;19,5;1055;56;18,799999;20;21,1;43,099998;-5,4000001;0
2025-08-01 21:50:27;;7;2;20,1;1055;65;19,9;20;22,200001;43,400002;-4,5;0
2025-08-01 21:55:27;;23;0;19,299999;1055;61;19,1;20;21,4;43,099998;-5;0
2025-08-01 22:00:27;;41;0;18,700001;1055;57;18,200001;20;20,299999;43,799999;-5,4000001;0
2025-08-01 22:05:27;;37;0;19,1;1055;54;18,4;20;20,700001;43,099998;-5,3000002;0
2025-08-01 22:10:27;;9;0;20,200001;1055;62;19,799999;20;22,1;42,700001;-4,6999998;0
2025-08-01 22:15:27;;15;0;19,6;1055;63;19,5;20;21,799999;43,5;-4,5999999;0
2025-08-01 22:20:28;;41;0;18,4;1055;58;18,200001;20;20,5;43,099998;-5,3000002;0
2025-08-01 22:25:28;;39;0;18,9;1055;55;18,299999;20;20,5;43,299999;-5,4000001;0
2025-08-01 22:30:28;;11;0;20,1;1055;61;19,700001;20;22,1;43,200001;-4,9000001;0
2025-08-01 22:35:28;;13;0;19,700001;1055;62;19,6;20;21,799999;42,900002;-4,8000002;0
2025-08-01 22:40:28;;33;0;19;1055;60;18,6;20;20,9;43,700001;-4,9000001;0
2025-08-01 22:45:28;;43;0;18,700001;1055;56;18,1;20;20,299999;43,200001;-5,5;0
2025-08-01 22:50:29;;25;0;19,700001;1055;57;19;20;21,4;42,900002;-4,9000001;0
2025-08-01 22:55:29;;5;3;20;1055;63;20;20;22,200001;43,5;-4,3000002;0
2025-08-01 23:00:29;;23;0;19,299999;1055;62;19,1;20;21,4;43,200001;-5,0999999;0
2025-08-01 23:05:29;;39;0;18,700001;1055;59;18,299999;20;20,4;43,5;-5,3000002;0
2025-08-01 23:10:29;;41;0;18,9;1055;55;18,200001;20;20,5;43,400002;-4,8000002;0
2025-08-01 23:15:29;;15;0;20;1055;59;19,5;20;21,9;43;-4,9000001;0
2025-08-01 23:20:29;;11;0;19,799999;1055;64;19,700001;20;21,9;43,200001;-5,0999999;0
2025-08-01 23:25:30;;29;0;19;1055;60;18,799999;20;21,1;43,700001;-4,3000002;0
2025-08-01 23:30:30;;43;0;18,6;1055;56;18,1;20;20,299999;43,200001;-5,3000002;0
2025-08-01 23:35:30;;29;0;19,5;1055;55;18,799999;20;21,1;43,200001;-5,4000001;0
2025-08-01 23:40:30;;5;3;20,200001;1055;65;20;20;22,200001;43,400002;-4,5999999;0
2025-08-01 23:45:30;;23;0;19,299999;1055;61;19,1;20;21,299999;43;-5;0
2025-08-01 23:50:30;;41;0;18,6;1055;57;18,200001;20;20,299999;44;-5,3000002;0
2025-08-01 23:55:30;;37;0;19;1055;55;18,4;20;20,700001;43,200001;-5,5;0
2025-09-01 00:00:01;;5;3;20,200001;1055;64;20;20;22,1;42,900002;-4,6999998;0
2025-09-01 00:05:01;;23;0;19,299999;1055;62;19,1;20;21,4;43,599998;-4,6999998;0
2025-09-01 00:10:01;;47;0;18,299999;1055;56;17,9;20;20;43,200001;-5,4000001;0
2025-09-01 00:15:01;;29;0;19,5;1055;56;18,799999;20;21,1;43,099998;-5,1999998;0
2025-09-01 00:20:01;;5;3;20,1;1055;64;20;20;22,200001;43,400002;-4,5;0
2025-09-01 00:25:01;;21;0;19,4;1055;61;19,200001;20;21,4;43,099998;-5,0999999;0
2025-09-01 00:30:01;;39;0;18,700001;1055;57;18,299999;20;20,4;43,799999;-5,4000001;0
2025-09-01 00:35:02;;45;0;18,799999;1055;53;18,1;20;20,4;43,200001;-5,1999998;0
2025-09-01 00:40:02;;5;3;20,200001;1055;64;20;20;22,200001;42,799999;-4,6999998;0
2025-09-01 00:45:02;;21;0;19,4;1055;62;19,200001;20;21,4;43,5;-4,6999998;0
2025-09-01 00:50:02;;45;0;18,299999;1055;56;17,9;20;20,1;43,099998;-5,4000001;0
2025-09-01 00:55:02;;37;0;19,299999;1055;55;18,6;20;20,9;43,200001;-5,3000002;0
2025-09-01 01:00:02;;5;3;20,200001;1055;64;20;20;22,200001;43,299999;-4,5999999;0
2025-09-01 01:05:02;;19;0;19,299999;1055;62;19,200001;20;21,4;43;-4,9000001;0
2025-09-01 01:10:03;;39;0;18,6;1055;58;18,299999;20;20,4;44;-5,3000002;0
2025-09-01 01:15:03;;41;0;18,9;1055;54;18,299999;20;20,6;43,200001;-5,3000002;0
2025-09-01 01:20:03;;11;0;20,1;1055;61;19,700001;20;22;42,799999;-4,6999998;0
2025-09-01 01:25:03;;13;0;19,700001;1055;64;19,6;20;21,9;43,5;-4,5999999;0
2025-09-01 01:30:03;;39;0;18,4;1055;59;18,200001;20;20,5;43,200001;-5,3000002;0
2025-09-01 01:35:03;;43;0;18,799999;1055;55;18,1;20;20,4;43,299999;-5,3000002;0
2025-09-01 01:40:03;;9;0;20,200001;1055;61;19,799999;20;22,200001;43,299999;-4,8000002;0
2025-09-01 01:45:04;;19;0;19,4;1055;62;19,299999;20;21,5;42,900002;-4,9000001;0
2025-09-01 01:50:04;;39;0;18,700001;1055;59;18,299999;20;20,5;43,900002;-5,0999999;0
2025-09-01 01:55:04;;41;0;18,799999;1055;55;18,200001;20;20,5;43,200001;-5,5;0
2025-09-01 02:00:04;;11;0;20,1;1055;61;19,700001;20;22;42,799999;-4,8000002;0
2025-09-01 02:05:04;;13;0;19,700001;1055;63;19,6;20;21,799999;43,5;-4,4000001;0
2025-09-01 02:10:04;;31;0;19;1055;60;18,700001;20;20,9;43,099998;-5,1999998;0
2025-09-01 02:15:04;;43;0;18,6;1055;55;18,1;20;20,200001;43,5;-5,1999998;0
2025-09-01 02:20:05;;23;0;19,700001;1055;57;19,1;20;21,4;43,200001;-5;0
2025-09-01 02:25:05;;13;0;19,700001;1055;64;19,6;20;21,799999;42,799999;-4,8000002;0
2025-09-01 02:30:05;;31;0;18,9;1055;60;18,700001;20;20,799999;43,700001;-4,8000002;0
2025-09-01 02:35:05;;43;0;18,700001;1055;55;18,1;20;20,200001;43,200001;-5,4000001;0
2025-09-01 02:40:05;;23;0;19,700001;1055;57;19,1;20;21,4;42,900002;-5;0
2025-09-01 02:45:05;;7;2;20;1055;65;19,9;20;22,200001;43,5;-4,3000002;0
2025-09-01 02:50:05;;35;0;18,700001;1055;60;18,5;20;20,9;43,200001;-5;0
2025-09-01 02:55:06;;43;0;18,700001;1055;55;18,1;20;20,299999;43,599998;-5,4000001;0
2025-09-01 03:00:06;;19;0;19,9;1055;58;19,299999;20;21,700001;43,200001;-5,1999998;0
2025-09-01 03:05:06;;11;0;19,9;1055;64;19,700001;20;22;42,799999;-4,6999998;0
2025-09-01 03:10:06;;35;0;18,700001;1055;60;18,5;20;20,700001;43,700001;-4,8000002;0
2025-09-01 03:15:08;;43;0;18,799999;1055;55;18,1;20;20,4;43,200001;-5,4000001;0
2025-09-01 03:20:09;;19;0;19,9;1055;59;19,299999;20;21,700001;43,099998;-5,1999998;0
2025-09-01 03:25:09;;9;0;20;1055;64;19,799999;20;22;43,400002;-4,5;0
2025-09-01 03:30:09;;35;0;18,700001;1055;60;18,5;20;20,799999;43,099998;-4,9000001;0
2025-09-01 03:35:09;;45;0;18,700001;1055;55;18;20;20,200001;43,900002;-5;0
2025-09-01 03:40:09;;19;0;19,9;1055;58;19,299999;20;21,700001;43,200001;-5,3000002;0
2025-09-01 03:45:09;;9;0;19,9;1055;63;19,799999;20;22;42,900002;-4,6999998;0
2025-09-01 03:50:10;;27;0;19,1;1055;61;18,9;20;21,1;43,700001;-4,6999998;0
2025-09-01 03:55:10;;41;0;18,700001;1055;57;18,200001;20;20,299999;43,200001;-5,4000001;0
2025-09-01 04:00:10;;33;0;19,299999;1055;55;18,6;20;21;43;-5,0999999;0
2025-09-01 04:05:10;;5;3;20,200001;1055;64;20;20;22,299999;43,400002;-4,4000001;0
2025-09-01 04:10:10;;21;0;19,4;1055;62;19,200001;20;21,4;43,099998;-5,0999999;0
2025-09-01 04:15:10;;39;0;18,700001;1055;59;18,299999;20;20,4;43,900002;-5,3000002;0
2025-09-01 04:20:11;;45;0;18,799999;1055;53;18;20;20,4;43,200001;-5,3000002;0
2025-09-01 04:25:11;;5;3;20,200001;1055;65;20;20;22,200001;42,799999;-4,6999998;0
2025-09-01 04:30:11;;29;0;18,9;1055;62;18,799999;20;21,1;43,700001;-4,4000001;0
2025-09-01 04:35:11;;43;0;18,700001;1055;57;18,1;20;20,299999;43,200001;-5,3000002;0
2025-09-01 04:40:11;;33;0;19,299999;1055;55;18,6;20;20,9;43,200001;-5,4000001;0
2025-09-01 04:45:11;;5;3;20,200001;1055;65;20;20;22,200001;43,400002;-4,6999998;0
2025-09-01 04:50:11;;21;0;19,4;1055;62;19,200001;20;21,4;43;-4,9000001;0
2025-09-01 04:55:12;;39;0;18,700001;1055;58;18,299999;20;20,4;43,900002;-5,3000002;0
2025-09-01 05:00:12;;39;0;19;1055;55;18,299999;20;20,6;43,200001;-5,4000001;0
2025-09-01 05:05:12;;9;0;20,299999;1055;63;19,799999;20;22,200001;42,799999;-4,6999998;0
2025-09-01 05:10:12;;15;0;19,700001;1055;64;19,5;20;21,700001;43,599998;-4,5999999;0
2025-09-01 05:15:12;;41;0;18,5;1055;59;18,200001;20;20,5;43,200001;-5,3000002;0
2025-09-01 05:20:12;;39;0;19;1055;55;18,299999;20;20,6;43,299999;-5,3000002;0
2025-09-01 05:25:12;;7;2;20,299999;1055;63;19,9;20;22,299999;43,299999;-4,6999998;0
2025-09-01 05:30:12;;15;0;19,700001;1055;64;19,5;20;21,700001;43;-4,9000001;0
2025-09-01 05:35:13;;35;0;18,799999;1055;60;18,5;20;20,700001;43,900002;-5,1999998;0
2025-09-01 05:40:13;;43;0;18,799999;1055;56;18,1;20;20,299999;43,200001;-5,3000002;0
2025-09-01 05:45:13;;25;0;19,9;1055;59;19,299999;20;21,700001;42,799999;-4,8000002;0
2025-09-01 05:50:13;;7;2;20,1;1055;65;19,9;20;22,1;43,400002;-4,4000001;0
2025-09-01 05:55:13;;27;0;19,200001;1055;61;18,9;20;21,1;43,099998;-5,3000002;0
2025-09-01 06:00:13;;41;0;18,700001;1055;57;18,1;20;20,200001;43,799999;-5;0
2025-09-01 06:05:13;;37;0;19,1;1055;54;18,4;20;20,700001;43,200001;-4,6999998;0
2025-09-01 06:10:13;;9;0;20;1055;65;19,799999;20;22;43,099998;-5,1999998;0
2025-09-01 06:15:14;;27;0;19,200001;1055;62;18,9;20;21,200001;43,799999;-4,1999998;0
2025-09-01 06:20:14;;43;0;18,700001;1055;57;18,1;20;20,299999;43,299999;-5,0999999;0
2025-09-01 06:25:14;;37;0;19,200001;1055;55;18,4;20;20,799999;43,099998;-5,3000002;0
2025-09-01 06:30:14;;5;3;20,200001;1055;64;20;20;22,299999;43,400002;-4,6999998;0
2025-09-01 06:35:14;;21;0;19,5;1055;63;19,200001;20;21,5;43,099998;-4,8000002;0
2025-09-01 06:40:14;;39;0;18,799999;1055;59;18,299999;20;20,5;43,799999;-5;0
2025-09-01 06:45:14;;41;0;18,9;1055;55;18,200001;20;20,5;43,200001;-5,4000001;0
2025-09-01 06:50:14;;11;0;20,200001;1055;62;19,700001;20;22;43;-5;0
2025-09-01 06:55:15;;13;0;19,799999;1055;64;19,6;20;21,799999;43,5;-4,3000002;0
2025-09-01 07:00:15;;33;0;19;1055;60;18,6;20;20,799999;43,099998;-5;0
2025-09-01 07:05:15;;43;0;18,700001;1055;56;18,1;20;20,299999;43,799999;-5,4000001;0
2025-09-01 07:10:15;;23;0;19,700001;1055;58;19,1;20;21,4;43,099998;-5,1999998;0
2025-09-01 07:15:15;;9;0;20;1055;64;19,799999;20;22;42,799999;-4,5999999;0
2025-09-01 07:20:15;;29;0;19,1;1055;61;18,799999;20;21,1;43,700001;-4,4000001;0
2025-09-01 07:25:16;;43;0;18,700001;1055;57;18,1;20;20,200001;43,200001;-5,1999998;0
2025-09-01 07:30:16;;33;0;19,299999;1055;56;18,6;20;21;43,200001;-5,4000001;0
2025-09-01 07:35:16;;5;3;20,200001;1055;65;20;20;22,200001;43,400002;-4,5999999;0
2025-09-01 07:40:16;;23;0;19,4;1055;62;19,1;20;21,4;43;-4,9000001;0
2025-09-01 07:45:16;;39;0;18,700001;1055;59;18,299999;20;20,4;43,900002;-5;0
2025-09-01 07:50:16;;39;0;19;1055;55;18,299999;20;20,5;43,200001;-5,4000001;0
2025-09-01 07:55:16;;5;3;20,299999;1055;65;20;20;22,200001;42,799999;-4,5999999;0
2025-09-01 08:00:17;;23;0;19,200001;1055;63;19,1;20;21,4;43,5;-4,3000002;0
2025-09-01 08:05:17;;41;0;18,700001;1055;58;18,200001;20;20,4;43,099998;-5,1999998;0
2025-09-01 08:10:17;;39;0;19,1;1055;55;18,299999;20;20,6;43,200001;-5,3000002;0
2025-09-01 08:15:17;;5;3;20,299999;1055;64;20;20;22,200001;43,299999;-4,6999998;0
2025-09-01 08:20:17;;17;0;19,6;1055;63;19,4;20;21,6;43;-4,9000001;0
2025-09-01 08:25:17;;37;0;18,799999;1055;60;18,4;20;20,6;43,799999;-5,3000002;0
2025-09-01 08:30:18;;41;0;18,799999;1055;56;18,200001;20;20,4;43,200001;-5,1999998;0
2025-09-01 08:35:18;;17;0;20;1055;60;19,4;20;21,799999;42,799999;-4,8000002;0
2025-09-01 08:40:18;;11;0;19,9;1055;65;19,700001;20;21,9;43,400002;-4,4000001;0
2025-09-01 08:45:18;;29;0;19;1055;61;18,799999;20;21;43,099998;-5,0999999;0
2025-09-01 08:50:18;;43;0;18,6;1055;57;18,1;20;20,200001;43,599998;-5,1999998;0
2025-09-01 08:55:18;;27;0;19,5;1055;57;18,9;20;21,299999;43,200001;-5;0
2025-09-01 09:00:18;;5;3;20,200001;1055;65;20;20;22,1;42,799999;-4,6999998;0
2025-09-01 09:05:18;;23;0;19,299999;1055;63;19,1;20;21,299999;43,599998;-4,6999998;0
2025-09-01 09:10:19;;39;0;18,700001;1055;58;18,299999;20;20,4;43,200001;-5,3000002;0
2025-09-01 09:15:19;;37;0;19,1;1055;56;18,4;20;20,6;43;-5,0999999;0
2025-09-01 09:20:19;;5;3;20,299999;1055;65;20;20;22,299999;43,299999;-4,5;0
2025-09-01 09:25:19;;23;0;19,200001;1055;63;19,1;20;21,299999;42,900002;-5;0
2025-09-01 09:30:19;;41;0;18,700001;1055;58;18,200001;20;20,299999;43,900002;-5,3000002;0
2025-09-01 09:35:19;;41;0;19;1055;54;18,200001;20;20,5;43,099998;-5,5;0
2025-09-01 09:40:19;;7;2;20,1;1055;65;19,9;20;22;42,599998;-4,6999998;0
2025-09-01 09:45:20;;25;0;19,299999;1055;62;19;20;21,299999;43,5;-4,6999998;0
2025-09-01 09:50:20;;39;0;18,700001;1055;58;18,299999;20;20,299999;43,099998;-5,4000001;0
2025-09-01 09:55:20;;39;0;19;1055;55;18,299999;20;20,6;43;-5,4000001;0
2025-09-01 10:00:20;;5;3;20,299999;1055;64;20;20;22,299999;43,299999;-4,8000002;0
2025-09-01 10:05:20;;23;0;19,200001;1055;63;19,1;20;21,299999;42,900002;-5;0
2025-09-01 10:10:20;;51;0;18,200001;1055;56;17,700001;20;19,799999;43,900002;-5,3000002;0
2025-09-01 10:15:21;;25;0;19,700001;1055;58;19;20;21,4;43;-5,5999999;0
2025-09-01 10:20:21;;9;0;20;1055;65;19,799999;20;22;42,599998;-4,8000002;0
2025-09-01 10:25:21;;25;0;19,1;1055;62;19;20;21,200001;43,599998;-5;0
2025-09-01 10:30:21;;43;0;18,6;1055;58;18,1;20;20,200001;43,099998;-5,5;0
2025-09-01 10:35:21;;37;0;19,1;1055;55;18,4;20;20,799999;42,900002;-5,4000001;0
2025-09-01 10:40:21;;3;4;20,299999;1055;65;20,1;20;22,299999;43,299999;-4,6999998;0
2025-09-01 10:45:22;;27;0;19,1;1055;62;18,9;20;21,299999;43;-5,1999998;0
2025-09-01 10:50:22;;43;0;18,6;1055;57;18,1;20;20,200001;43,700001;-5,5;0
2025-09-01 10:55:22;;35;0;19,200001;1055;55;18,5;20;20,799999;43,099998;-5,3000002;0
2025-09-01 11:00:22;;5;3;20,200001;1055;65;20;20;22,200001;42,599998;-4,9000001;0
2025-09-01 11:05:22;;19;0;19,4;1055;63;19,299999;20;21,5;43,5;-5,0999999;0
2025-09-01 11:10:22;;39;0;18,700001;1055;58;18,299999;20;20,5;43,200001;-5;0
2025-09-01 11:15:22;;45;0;18,700001;1055;53;18;20;20,200001;43,400002;-5,5;0
2025-09-01 11:20:22;;5;3;20,200001;1055;65;20;20;22,200001;43,200001;-5,0999999;0
2025-09-01 11:25:23;;27;0;19;1055;62;18,799999;20;21,200001;42,900002;-5;0
2025-09-01 11:30:23;;43;0;18,6;1055;57;18,1;20;20,1;43,799999;-5,3000002;0
2025-09-01 11:35:23;;33;0;19,5;1055;56;18,799999;20;21,200001;43,099998;-5,5999999;0
2025-09-01 11:40:23;;7;2;20,200001;1055;65;19,9;20;22,200001;42,799999;-5,0999999;0
2025-09-01 11:45:23;;23;0;19,299999;1055;62;19,1;20;21,4;43,599998;-4,9000001;0
2025-09-01 11:50:23;;47;0;18,299999;1055;57;17,9;20;20,1;43,200001;-5,3000002;0
2025-09-01 11:55:24;;29;0;19,5;1055;56;18,799999;20;21,200001;43,299999;-5,5999999;0
2025-09-01 12:00:24;;5;3;20,1;1055;65;20;20;22,200001;43,299999;-4,9000001;0
2025-09-01 12:05:24;;25;0;19,200001;1055;62;19;20;21,299999;43;-5,0999999;0
2025-09-01 12:10:24;;41;0;18,6;1055;57;18,200001;20;20,299999;43,900002;-5,4000001;0
2025-09-01 12:15:24;;41;0;18,9;1055;54;18,200001;20;20,5;43,099998;-5,5;0
2025-09-01 12:20:24;;9;0;20,200001;1055;63;19,799999;20;22,1;42,700001;-4,9000001;0
2025-09-01 12:25:24;;13;0;19,700001;1055;64;19,6;20;21,700001;43,5;-5,0999999;0
2025-09-01 12:30:25;;35;0;18,799999;1055;60;18,5;20;20,700001;43,200001;-4,9000001;0
2025-09-01 12:35:25;;45;0;18,6;1055;55;18;20;20,1;43,700001;-5,5;0
2025-09-01 12:40:25;;13;0;20,1;1055;60;19,6;20;21,9;43,200001;-5,5;0
2025-09-01 12:45:25;;17;0;19,5;1055;63;19,4;20;21,6;42,900002;-4,9000001;0
2025-09-01 12:50:25;;37;0;18,700001;1055;60;18,4;20;20,6;43,799999;-5,0999999;0
2025-09-01 12:55:25;;49;0;18,4;1055;53;17,799999;20;20;43,200001;-5,5999999;0
2025-09-01 13:00:26;;3;4;20,299999;1055;65;20,1;20;22,200001;42,799999;-5,0999999;0
2025-09-01 13:05:26;;21;0;19,4;1055;63;19,200001;20;21,5;43,599998;-4,9000001;0
2025-09-01 13:10:26;;47;0;18,299999;1055;57;17,9;20;20,1;43,200001;-5,3000002;0
2025-09-01 13:15:26;;29;0;19,5;1055;57;18,799999;20;21,1;43,299999;-5,5999999;0
2025-09-01 13:20:26;;7;2;20,1;1055;66;19,9;20;22,200001;43,299999;-4,9000001;0
2025-09-01 13:25:26;;31;0;18,799999;1055;61;18,700001;20;21;43;-5,0999999;0
2025-09-01 13:30:26;;45;0;18,6;1055;56;18;20;20,1;43,799999;-5,5;0
2025-09-01 13:35:26;;25;0;19,6;1055;57;19;20;21,299999;43,099998;-5,5999999;0
2025-09-01 13:40:27;;9;0;19,9;1055;64;19,799999;20;22;42,700001;-4,9000001;0
2025-09-01 13:45:27;;29;0;19;1055;61;18,799999;20;21,1;43,700001;-5,0999999;0
2025-09-01 13:50:27;;43;0;18,6;1055;57;18,1;20;20,200001;43,200001;-5,5999999;0
2025-09-01 13:55:27;;35;0;19,299999;1055;55;18,5;20;20,9;42,900002;-4,9000001;0
2025-09-01 14:00:27;;5;3;20,200001;1055;66;20;20;22,200001;43,299999;-5,5;0
2025-09-01 14:05:28;;31;0;18,9;1055;61;18,700001;20;21;43;-5;0
2025-09-01 14:10:28;;45;0;18,6;1055;56;18;20;20,1;43,900002;-5,4000001;0
2025-09-01 14:15:28;;25;0;19,700001;1055;57;19;20;21,4;43;-5,5999999;0
2025-09-01 14:20:28;;9;0;19,9;1055;64;19,799999;20;21,9;43;-5,1999998;0
2025-09-01 14:25:28;;29;0;19;1055;61;18,799999;20;21;43,599998;-4,9000001;0
2025-09-01 14:30:28;;43;0;18,6;1055;57;18,1;20;20,200001;43,099998;-5,5;0
2025-09-01 14:35:28;;33;0;19,299999;1055;56;18,6;20;20,9;42,900002;-5,5;0
2025-09-01 14:40:29;;5;3;20,200001;1055;64;20;20;22,200001;43,400002;-4,8000002;0
2025-09-01 14:45:29;;21;0;19,4;1055;63;19,200001;20;21,4;43,099998;-5,4000001;0
2025-09-01 14:50:29;;41;0;18,6;1055;58;18,200001;20;20,299999;43,799999;-4,8000002;0
2025-09-01 14:55:29;;41;0;18,9;1055;55;18,200001;20;20,5;43,200001;-5,5;0
2025-09-01 15:00:29;;5;3;20,299999;1055;64;20;20;22,200001;42,799999;-5,3000002;0
2025-09-01 15:05:29;;19;0;19,5;1055;63;19,299999;20;21,6;43,599998;-4,9000001;0
2025-09-01 15:10:29;;35;0;18,799999;1055;60;18,5;20;20,6;43,200001;-5,5;0
2025-09-01 15:15:29;;43;0;18,700001;1055;55;18,1;20;20,200001;43,400002;-4,9000001;0
2025-09-01 15:20:30;;13;0;20;1055;60;19,6;20;21,9;43,200001;-5,5999999;0
2025-09-01 15:25:30;;19;0;19,4;1055;63;19,299999;20;21,5;42,900002;-5;0
2025-09-01 15:30:30;;39;0;18,6;1055;59;18,299999;20;20,4;43,900002;-5,1999998;0
2025-09-01 15:35:30;;47;0;18,700001;1055;53;17,9;20;20,200001;43,200001;-5,5999999;0
2025-09-01 15:40:30;;5;3;20,1;1055;65;20;20;22,1;42,900002;-5,4000001;0
2025-09-01 15:45:30;;23;0;19,299999;1055;63;19,1;20;21,4;43,599998;-4,9000001;0
2025-09-01 15:50:31;;41;0;18,700001;1055;58;18,200001;20;20,299999;43,200001;-5,4000001;0
2025-09-01 15:55:31;;39;0;19;1055;54;18,299999;20;20,6;43,200001;-5,6999998;0
2025-09-01 16:00:31;;5;3;20,200001;1055;64;20;20;22,200001;43,200001;-5,0999999;0
2025-09-01 16:05:31;;19;0;19,5;1055;63;19,299999;20;21,5;42,900002;-5,1999998;0
2025-09-01 16:10:31;;37;0;18,700001;1055;59;18,4;20;20,5;43,799999;-4,8000002;0
2025-09-01 16:15:31;;43;0;18,700001;1055;55;18,1;20;20,299999;43,200001;-5,4000001;0
2025-09-01 16:20:31;;11;0;20,200001;1055;62;19,700001;20;22;42,900002;-5,5999999;0
2025-09-01 16:25:32;;13;0;19,700001;1055;64;19,6;20;21,799999;43,400002;-4,8000002;0
2025-09-01 16:30:32;;33;0;18,9;1055;60;18,6;20;20,799999;43,099998;-5,4000001;0
2025-09-01 16:35:32;;45;0;18,700001;1055;56;18;20;20,200001;43,400002;-4,9000001;0
2025-09-01 16:40:32;;21;0;19,9;1055;58;19,200001;20;21,6;43,200001;-5,5;0
2025-09-01 16:45:32;;9;0;19,9;1055;64;19,799999;20;21,9;42,799999;-5;0
2025-09-01 16:50:32;;31;0;19;1055;61;18,700001;20;21;43,700001;-5,1999998;0
2025-09-01 16:55:33;;43;0;18,6;1055;56;18,1;20;20,200001;43,200001;-5,5999999;0
2025-09-01 17:00:33;;37;0;19,299999;1055;55;18,6;20;20,9;42,700001;-5;0
2025-09-01 17:05:33;;3;4;20,299999;1055;65;20;20;22,200001;43,299999;-5,5999999;0
2025-09-01 17:10:33;;29;0;19;1055;61;18,799999;20;21,1;43;-4,9000001;0
2025-09-01 17:15:33;;45;0;18,6;1055;55;18;20;20,1;43,900002;-5,5;0
2025-09-01 17:20:33;;29;0;19,700001;1055;57;19;20;21,4;43,200001;-5,5999999;0
2025-09-01 17:25:33;;7;2;20;1055;64;19,799999;20;22;42,799999;-5;0
2025-09-01 17:30:34;;25;0;19,200001;1055;62;19;20;21,200001;43,599998;-5,3000002;0
2025-09-01 17:35:34;;41;0;18,700001;1055;58;18,200001;20;20,299999;43,099998;-5,6999998;0
2025-09-01 17:40:34;;39;0;19;1055;55;18,299999;20;20,5;43;-5;0
2025-09-01 17:45:34;;5;3;20,200001;1055;63;20;20;22,200001;43,299999;-5,5;0
2025-09-01 17:50:34;;17;0;19,5;1055;63;19,4;20;21,5;42,900002;-4,9000001;0
2025-09-01 17:55:34;;37;0;18,700001;1055;59;18,4;20;20,5;43,900002;-5,4000001;0
2025-09-01 18:00:34;;43;0;18,799999;1055;55;18,1;20;20,299999;43,099998;-5,6999998;0
2025-09-01 18:05:35;;15;0;20;1055;60;19,5;20;21,799999;42,599998;-5,0999999;0
2025-09-01 18:10:35;;11;0;19,799999;1055;64;19,700001;20;21,799999;43,5;-5,3000002;0
2025-09-01 18:15:35;;31;0;19;1055;60;18,700001;20;20,9;43,200001;-5,1999998;0
2025-09-01 18:20:35;;45;0;18,6;1055;55;18;20;20,1;42,5;-5,8000002;0
2025-09-01 18:25:35;;21;0;19,799999;1055;58;19,200001;20;21,4;43,700001;-5;0
2025-09-01 18:30:35;;9;0;19,9;1055;64;19,799999;20;21,9;43,400002;-5;0
2025-09-01 18:35:35;;29;0;19,1;1055;61;18,799999;20;21;43,099998;-5,1999998;0
2025-09-01 18:40:36;;45;0;18,5;1055;56;18;20;20,1;43,799999;-5,5;0
2025-09-01 18:45:36;;31;0;19,4;1055;55;18,700001;20;21;43,099998;-5,6999998;0
2025-09-01 18:50:36;;13;0;19,700001;1055;64;19,6;20;21,700001;42,700001;-5;0
2025-09-01 18:55:36;;33;0;18,9;1055;60;18,6;20;20,700001;43,700001;-5,1999998;0
2025-09-01 19:00:36;;45;0;18,6;1055;56;18;20;20,200001;43,099998;-5,5999999;0
2025-09-01 19:05:36;;25;0;19,6;1055;58;19;20;21,299999;42,799999;-5,4000001;0
2025-09-01 19:10:37;;7;2;20;1055;64;19,9;20;22;43,5;-5;0
2025-09-01 19:15:37;;33;0;18,799999;1055;60;18,6;20;20,9;43,200001;-5,5;0
2025-09-01 19:20:37;;43;0;18,6;1055;56;18,1;20;20,1;43,5;-4,9000001;0
2025-09-01 19:25:37;;25;0;19,700001;1055;57;19;20;21,4;43,200001;-5,4000001;0
2025-09-01 19:30:37;;7;2;19,9;1055;64;19,9;20;21,9;42,799999;-5,0999999;0
2025-09-01 19:35:37;;27;0;19,1;1055;61;18,9;20;21,1;43,799999;-5,1999998;0
2025-09-01 19:40:37;;43;0;18,6;1055;57;18,1;20;20,200001;43,200001;-5,5999999;0
2025-09-01 19:45:38;;33;0;19,299999;1055;56;18,6;20;20,9;42,700001;-4,9000001;0
2025-09-01 19:50:38;;3;4;20,200001;1055;65;20,1;20;22,1;43,400002;-5,5999999;0
2025-09-01 19:55:38;;23;0;19,299999;1055;62;19,1;20;21,299999;43,099998;-4,9000001;0
2025-09-01 20:00:38;;43;0;18,5;1055;57;18,1;20;20,200001;44;-5,5;0
2025-09-01 20:05:38;;39;0;19;1055;55;18,299999;20;20,6;43,200001;-5,5;0
2025-09-01 20:10:38;;7;2;20,200001;1055;64;19,9;20;22,1;42,799999;-5;0
2025-09-01 20:15:38;;17;0;19,5;1055;63;19,4;20;21,5;43,599998;-5,0999999;0
2025-09-01 20:20:39;;39;0;18,799999;1055;60;18,299999;20;20,5;43,299999;-5,1999998;0
2025-09-01 20:25:39;;45;0;18,700001;1055;55;18;20;20,200001;43,400002;-5,6999998;0
2025-09-01 20:30:39;;15;0;19,9;1055;60;19,5;20;21,799999;43,200001;-5,3000002;0
2025-09-01 20:35:39;;11;0;19,799999;1055;64;19,700001;20;21,700001;42,900002;-5,0999999;0
2025-09-01 20:40:39;;31;0;19;1055;61;18,700001;20;20,9;43,900002;-5;0
2025-09-01 20:45:39;;45;0;18,6;1055;56;18;20;20,1;43,299999;-5,3000002;0
2025-09-01 20:50:39;;25;0;19,700001;1055;57;19;20;21,299999;42,900002;-5,6999998;0
2025-09-01 20:55:39;;7;2;20;1055;65;19,9;20;22;43,400002;-4,9000001;0
2025-09-01 21:00:40;;27;0;19,1;1055;62;18,9;20;21,1;43,099998;-5,4000001;0
2025-09-01 21:05:40;;43;0;18,6;1055;57;18,1;20;20,1;43,599998;-4,8000002;0
2025-09-01 21:10:40;;35;0;19,200001;1055;54;18,5;20;20,700001;43,200001;-5,5999999;0
2025-09-01 21:15:40;;9;0;19,799999;1055;64;19,799999;20;21,799999;42,799999;-5,0999999;0
2025-09-01 21:20:40;;29;0;19;1055;62;18,799999;20;20,9;43,700001;-5,0999999;0
2025-09-01 21:25:40;;45;0;18,6;1055;56;18;20;20,1;43,200001;-5,5;0
2025-09-01 21:30:40;;25;0;19,700001;1055;57;19;20;21,299999;43;-5,6999998;0
2025-09-01 21:35:41;;9;0;20;1055;65;19,799999;20;22;43,400002;-4,9000001;0
2025-09-01 21:40:41;;37;0;18,6;1055;60;18,4;20;20,700001;43;-5,3000002;0
2025-09-01 21:45:41;;39;0;18,9;1055;57;18,299999;20;20,5;43,700001;-5,5999999;0
2025-09-01 21:50:41;;33;0;19,299999;1055;55;18,6;20;20,9;43,299999;-4,8000002;0
2025-09-01 21:55:41;;5;3;20,1;1055;64;20;20;22,1;42,799999;-5,5999999;0
2025-09-01 22:00:41;;23;0;19,299999;1055;62;19,1;20;21,299999;43,599998;-4,9000001;0
2025-09-01 22:05:41;;49;0;18,200001;1055;56;17,799999;20;19,9;43,200001;-5,4000001;0
2025-09-01 22:10:42;;31;0;19,4;1055;56;18,700001;20;21;43,099998;-5,6999998;0
2025-09-01 22:15:42;;7;2;20,1;1055;65;19,9;20;22,1;43,299999;-5;0
2025-09-01 22:20:42;;25;0;19,200001;1055;61;19;20;21,200001;43;-5,0999999;0
2025-09-01 22:25:42;;43;0;18,5;1055;57;18,1;20;20,1;43,900002;-5,4000001;0
2025-09-01 22:30:42;;39;0;19,200001;1055;55;18,5;20;20,700001;43,099998;-5,5999999;0
2025-09-01 22:35:42;;9;0;19,799999;1055;64;19,700001;20;21,799999;43;-5,0999999;0
2025-09-01 22:40:43;;29;0;19;1055;61;18,799999;20;21;43,599998;-5;0
2025-09-01 22:45:43;;45;0;18,6;1055;56;18;20;20,1;43,099998;-5,5;0
2025-09-01 22:50:43;;25;0;19,6;1055;57;19;20;21,299999;43;-5,5999999;0
2025-09-01 22:55:43;;7;2;20;1055;64;19,9;20;22;43,299999;-4,8000002;0
2025-09-01 23:00:43;;27;0;19,1;1055;62;18,9;20;21,1;43;-5,3000002;0
2025-09-01 23:05:43;;45;0;18,6;1055;57;18;20;20,1;43,799999;-4,8000002;0
2025-09-01 23:10:43;;33;0;19,299999;1055;55;18,6;20;20,9;43,200001;-5,1999998;0
2025-09-01 23:15:44;;5;3;20,1;1055;64;20;20;22,1;42,799999;-5,3000002;0
2025-09-01 23:20:44;;23;0;19,299999;1055;62;19,1;20;21,4;43,700001;-5;0
2025-09-01 23:25:44;;39;0;18,6;1055;58;18,299999;20;20,299999;43,200001;-5,5999999;0
2025-09-01 23:30:44;;39;0;19,1;1055;55;18,299999;20;20,6;43;-4,9000001;0
2025-09-01 23:35:44;;5;3;20,200001;1055;64;20;20;22,200001;43,299999;-5,5;0
2025-09-01 23:40:44;;19;0;19,5;1055;63;19,299999;20;21,5;42,900002;-4,8000002;0
2025-09-01 23:45:44;;39;0;18,700001;1055;60;18,299999;20;20,4;43,900002;-5,3000002;0
2025-09-01 23:50:45;;43;0;18,799999;1055;55;18,1;20;20,299999;43,200001;-5,5999999;0
2025-09-01 23:55:45;;11;0;20,1;1055;62;19,700001;20;21,9;42,799999;-5,3000002;0
2025-10-01 00:00:15;;21;0;19,4;1055;63;19,200001;20;21,4;43,599998;-5,0999999;0
2025-10-01 00:05:15;;39;0;18,700001;1055;58;18,299999;20;20,299999;43,200001;-5,6999998;0
2025-10-01 00:10:15;;39;0;19;1055;56;18,299999;20;20,6;43;-5;0
2025-10-01 00:15:15;;5;3;20,299999;1055;64;20;20;22,200001;43,299999;-5,5999999;0
2025-10-01 00:20:15;;19;0;19,5;1055;64;19,299999;20;21,5;42,900002;-4,9000001;0
2025-10-01 00:25:16;;39;0;18,700001;1055;59;18,299999;20;20,4;43,900002;-5,4000001;0
2025-10-01 00:30:16;;43;0;18,799999;1055;54;18,1;20;20,4;43,200001;-5,5999999;0
2025-10-01 00:35:16;;11;0;20,1;1055;62;19,700001;20;21,9;42,799999;-5,4000001;0
2025-10-01 00:40:16;;13;0;19,6;1055;64;19,6;20;21,700001;43,5;-4,9000001;0
2025-10-01 00:45:16;;33;0;18,9;1055;61;18,6;20;20,700001;43,099998;-5,5;0
2025-10-01 00:50:16;;45;0;18,6;1055;56;18;20;20,1;43,400002;-5,5;0
2025-10-01 00:55:17;;23;0;19,700001;1055;57;19,1;20;21,4;43,200001;-5,0999999;0
2025-10-01 01:00:17;;7;2;20;1055;65;19,9;20;22;42,799999;-5,1999998;0
2025-10-01 01:05:17;;27;0;19,1;1055;62;18,9;20;21,1;43,799999;-5;0
2025-10-01 01:10:17;;43;0;18,6;1055;56;18,1;20;20,200001;43,299999;-5,3000002;0
2025-10-01 01:15:17;;33;0;19,299999;1055;55;18,6;20;20,9;42,900002;-5,6999998;0
2025-10-01 01:20:17;;7;2;20,200001;1055;65;19,9;20;22,1;43,400002;-4,8000002;0
2025-10-01 01:25:17;;25;0;19,200001;1055;62;19;20;21,200001;43,099998;-5,4000001;0
2025-10-01 01:30:17;;43;0;18,6;1055;58;18,1;20;20,200001;43,700001;-4,8000002;0
2025-10-01 01:35:18;;43;0;18,799999;1055;54;18,1;20;20,4;43,200001;-5,4000001;0
2025-10-01 01:40:18;;7;2;20,1;1055;65;19,9;20;22;42,799999;-5,4000001;0
2025-10-01 01:45:18;;25;0;19,200001;1055;61;19;20;21,299999;43,700001;-5;0
2025-10-01 01:50:18;;51;0;18,200001;1055;55;17,700001;20;19,799999;43,200001;-5,5;0
2025-10-01 01:55:18;;25;0;19,6;1055;57;19;20;21,299999;43,099998;-5,6999998;0
2025-10-01 02:00:18;;9;0;20;1055;65;19,799999;20;22;43,299999;-4,9000001;0
2025-10-01 02:05:19;;37;0;18,6;1055;60;18,4;20;20,700001;43;-5,3000002;0
2025-10-01 02:10:19;;45;0;18,700001;1055;55;18;20;20,200001;43,599998;-5,5999999;0
2025-10-01 02:15:19;;15;0;19,9;1055;60;19,5;20;21,799999;43,200001;-5,4000001;0
2025-10-01 02:20:19;;13;0;19,799999;1055;63;19,6;20;21,799999;42,799999;-5;0
2025-10-01 02:25:19;;33;0;18,9;1055;61;18,6;20;20,799999;43,799999;-5,3000002;0
2025-10-01 02:30:19;;45;0;18,700001;1055;56;18;20;20,200001;43,200001;-5,5999999;0
2025-10-01 02:35:19;;27;0;19,6;1055;57;18,9;20;21,299999;42,900002;-5,5;0
2025-10-01 02:40:20;;7;2;20;1055;64;19,9;20;22,1;43,400002;-4,9000001;0
2025-10-01 02:45:20;;25;0;19,1;1055;62;19;20;21,1;43,099998;-5,4000001;0
2025-10-01 02:50:20;;43;0;18,6;1055;57;18,1;20;20,200001;43,700001;-4,9000001;0
2025-10-01 02:55:20;;39;0;19;1055;53;18,299999;20;20,6;43,200001;-5,5;0
2025-10-01 03:00:20;;9;0;20;1055;64;19,799999;20;22;42,799999;-5,1999998;0
2025-10-01 03:05:20;;27;0;19,1;1055;61;18,9;20;21,1;43,700001;-5;0
2025-10-01 03:10:20;;51;0;18,200001;1055;55;17,700001;20;19,799999;43,200001;-5,5;0
2025-10-01 03:15:21;;15;0;20;1055;60;19,5;20;21,700001;43,099998;-5,5999999;0
2025-10-01 03:20:21;;13;0;19,799999;1055;64;19,6;20;21,9;43,400002;-4,8000002;0
2025-10-01 03:25:21;;31;0;19;1055;61;18,700001;20;20,9;43,400002;-5,3000002;0
2025-10-01 03:30:21;;45;0;18,700001;1055;56;18;20;20,200001;43,700001;-4,6999998;0
2025-10-01 03:35:21;;25;0;19,700001;1055;57;19;20;21,299999;43;-5,5;0
2025-10-01 03:40:21;;9;0;20;1055;64;19,799999;20;21,9;42,900002;-5;0
2025-10-01 03:45:21;;29;0;19;1055;60;18,799999;20;21;43,599998;-5;0
2025-10-01 03:50:22;;45;0;18,6;1055;56;18;20;20,1;43,099998;-5,5;0
2025-10-01 03:55:22;;31;0;19,5;1055;56;18,700001;20;21,1;43;-5,5999999;0
2025-10-01 04:00:22;;5;3;20,1;1055;64;20;20;22,1;43,400002;-4,9000001;0
2025-10-01 04:05:22;;25;0;19,299999;1055;62;19;20;21,299999;43;-5,3000002;0
2025-10-01 04:10:22;;41;0;18,6;1055;58;18,1;20;20,200001;43,599998;-5,5999999;0
2025-10-01 04:15:22;;39;0;19;1055;55;18,299999;20;20,700001;43,299999;-5,0999999;0
2025-10-01 04:20:22;;7;2;20,200001;1055;63;20;20;22,200001;42,799999;-5,1999998;0
2025-10-01 04:25:23;;19;0;19,5;1055;63;19,299999;20;21,5;43,799999;-5,0999999;0
2025-10-01 04:30:23;;45;0;18,299999;1055;57;17,9;20;20,1;43,400002;-5,1999998;0
2025-10-01 04:35:23;;37;0;19,1;1055;55;18,4;20;20,700001;43,099998;-5,6999998;0
2025-10-01 04:40:23;;5;3;20,299999;1055;64;20;20;22,200001;43,5;-4,9000001;0
2025-10-01 04:45:23;;21;0;19,4;1055;63;19,200001;20;21,5;43;-5,1999998;0
2025-10-01 04:50:23;;39;0;18,700001;1055;59;18,299999;20;20,4;44;-5,1999998;0
2025-10-01 04:55:23;;41;0;18,9;1055;54;18,200001;20;20,5;43,299999;-5,6999998;0
2025-10-01 05:00:24;;9;0;20,200001;1055;62;19,799999;20;22,1;42,700001;-5,4000001;0
2025-10-01 05:05:24;;17;0;19,6;1055;63;19,4;20;21,700001;43,599998;-5,0999999;0
2025-10-01 05:10:24;;37;0;18,799999;1055;59;18,4;20;20,6;43,099998;-4,9000001;0
2025-10-01 05:15:24;;45;0;18,700001;1055;54;18;20;20,200001;44;-5,4000001;0
2025-10-01 05:20:24;;15;0;20;1055;59;19,5;20;21,9;43,400002;-5,5999999;0
2025-10-01 05:25:24;;11;0;19,799999;1055;63;19,700001;20;21,799999;43;-5;0
2025-10-01 05:30:25;;31;0;18,9;1055;61;18,700001;20;20,799999;43,5;-5,3000002;0
2025-10-01 05:35:25;;45;0;18,6;1055;56;18;20;20,1;43,599998;-4,8000002;0
2025-10-01 05:40:25;;31;0;19,4;1055;56;18,700001;20;21,1;42,900002;-5,6999998;0
2025-10-01 05:45:25;;7;2;20;1055;64;19,9;20;22;43,099998;-5,1999998;0
2025-10-01 05:50:25;;27;0;19,1;1055;61;18,9;20;21,1;43,599998;-4,9000001;0
2025-10-01 05:55:25;;43;0;18,6;1055;56;18,1;20;20,200001;43,099998;-5,5;0
2025-10-01 06:00:25;;35;0;19,299999;1055;55;18,5;20;20,799999;43;-5,5999999;0
2025-10-01 06:05:26;;5;3;20,200001;1055;65;20;20;22,200001;43,299999;-5;0
2025-10-01 06:10:26;;23;0;19,299999;1055;62;19,1;20;21,299999;43;-5,1999998;0
2025-10-01 06:15:26;;41;0;18,6;1055;58;18,200001;20;20,299999;43,900002;-4,8000002;0
2025-10-01 06:20:26;;41;0;18,9;1055;54;18,200001;20;20,5;43,299999;-5,5;0
2025-10-01 06:25:26;;9;0;20,1;1055;62;19,799999;20;22,1;42,799999;-5,5;0
2025-10-01 06:30:26;;15;0;19,6;1055;63;19,5;20;21,700001;43,599998;-4,9000001;0
2025-10-01 06:35:26;;35;0;18,799999;1055;59;18,5;20;20,700001;43,200001;-5,4000001;0
2025-10-01 06:40:27;;45;0;18,700001;1055;55;18;20;20,1;43,400002;-5,6999998;0
2025-10-01 06:45:27;;13;0;20;1055;60;19,6;20;21,9;43,299999;-5,0999999;0
2025-10-01 06:50:27;;17;0;19,5;1055;63;19,4;20;21,6;42,900002;-5,1999998;0
2025-10-01 06:55:27;;39;0;18,700001;1055;59;18,299999;20;20,4;43,900002;-5,4000001;0
2025-10-01 07:00:27;;43;0;18,799999;1055;55;18,1;20;20,4;43,200001;-5,6999998;0
2025-10-01 07:05:27;;11;0;20,1;1055;61;19,700001;20;21,9;42,700001;-5,0999999;0
2025-10-01 07:10:27;;13;0;19,700001;1055;64;19,6;20;21,700001;43,700001;-5,0999999;0
2025-10-01 07:15:28;;39;0;18,5;1055;59;18,299999;20;20,5;43,299999;-5,5999999;0
2025-10-01 07:20:28;;43;0;18,799999;1055;55;18,1;20;20,299999;43,200001;-4,9000001;0
2025-10-01 07:25:28;;7;2;20,200001;1055;63;19,9;20;22,200001;43,299999;-5,5999999;0
2025-10-01 07:30:28;;17;0;19,6;1055;63;19,4;20;21,6;42,900002;-4,9000001;0
2025-10-01 07:35:28;;37;0;18,700001;1055;60;18,4;20;20,5;43,900002;-5,3000002;0
2025-10-01 07:40:28;;49;0;18,6;1055;53;17,799999;20;20;43,200001;-5,6999998;0
2025-10-01 07:45:28;;5;3;20,200001;1055;64;20;20;22,200001;42,900002;-5,0999999;0
2025-10-01 07:50:29;;21;0;19,4;1055;62;19,200001;20;21,5;43,599998;-4,9000001;0
2025-10-01 07:55:29;;39;0;18,700001;1055;58;18,299999;20;20,5;43,200001;-5,4000001;0
2025-10-01 08:00:29;;43;0;18,799999;1055;54;18,1;20;20,299999;43,200001;-4,9000001;0
2025-10-01 08:05:29;;11;0;20,1;1055;61;19,700001;20;22;43,299999;-5,5999999;0
2025-10-01 08:10:29;;13;0;19,700001;1055;63;19,6;20;21,700001;42,900002;-4,9000001;0
2025-10-01 08:15:29;;35;0;18,799999;1055;60;18,5;20;20,799999;43,900002;-5,3000002;0
2025-10-01 08:20:30;;45;0;18,6;1055;56;18;20;20,200001;43,200001;-5,5999999;0
2025-10-01 08:25:30;;25;0;19,6;1055;56;19;20;21,299999;42,799999;-5,3000002;0
2025-10-01 08:30:30;;7;2;20;1055;64;19,9;20;22;43,599998;-4,9000001;0
2025-10-01 08:35:30;;25;0;19,200001;1055;62;19;20;21,200001;43,200001;-5,5;0
2025-10-01 08:40:30;;45;0;18,6;1055;57;18;20;20,1;43,5;-4,8000002;0
2025-10-01 08:45:30;;35;0;19,299999;1055;55;18,5;20;20,799999;43,400002;-5,5999999;0
2025-10-01 08:50:30;;9;0;19,9;1055;64;19,799999;20;21,9;42,900002;-5,0999999;0
2025-10-01 08:55:30;;31;0;19;1055;60;18,700001;20;20,9;42,5;-5,3000002;0
